model,type,country1,country2,N,correlation
DefGDP_s1_FRUK_FE_AR1,innov,FR,UK,43,-.1931751818823152
DefGDP_s1_FRUK_FE_AR1,raw,FR,UK,44,-.1459826963467591
DefGDP_s1_FRUK_POOLED_AR1,innov,FR,UK,43,-.1049604607015333
DefGDP_s1_FRUK_POOLED_AR1,raw,FR,UK,44,.0328537692309993
DefGDP_s1_GIS_FE_AR1,innov,DE,ES,33,.2814007282194008
DefGDP_s1_GIS_FE_AR1,innov,DE,IT,33,.6254082267220475
DefGDP_s1_GIS_FE_AR1,innov,ES,IT,39,.3013027803620118
DefGDP_s1_GIS_FE_AR1,raw,DE,ES,34,.7120953112681395
DefGDP_s1_GIS_FE_AR1,raw,DE,IT,34,.1143467507531119
DefGDP_s1_GIS_FE_AR1,raw,ES,IT,40,-.2692617692634799
DefGDP_s1_GIS_POOLED_AR1,innov,DE,ES,33,.2635122765146166
DefGDP_s1_GIS_POOLED_AR1,innov,DE,IT,33,.6298873484052964
DefGDP_s1_GIS_POOLED_AR1,innov,ES,IT,39,.3130466380684627
DefGDP_s1_GIS_POOLED_AR1,raw,DE,ES,34,.6375414445055603
DefGDP_s1_GIS_POOLED_AR1,raw,DE,IT,34,.1304791872577702
DefGDP_s1_GIS_POOLED_AR1,raw,ES,IT,40,-.2147678381515546
DefGDP_s2_FRUK_FE_AR1,innov,FR,UK,43,.0034605920970909
DefGDP_s2_FRUK_FE_AR1,raw,FR,UK,44,-.0554844402551446
DefGDP_s2_FRUK_POOLED_AR1,innov,FR,UK,43,.0047298598285276
DefGDP_s2_FRUK_POOLED_AR1,raw,FR,UK,44,-.032501667190496
DefGDP_s2_GIS_FE_AR1,innov,DE,ES,33,.3107886830591104
DefGDP_s2_GIS_FE_AR1,innov,DE,IT,33,.5843729809059194
DefGDP_s2_GIS_FE_AR1,innov,ES,IT,39,.2462988224551849
DefGDP_s2_GIS_FE_AR1,raw,DE,ES,34,.7949710421282831
DefGDP_s2_GIS_FE_AR1,raw,DE,IT,34,-.0035462682203253
DefGDP_s2_GIS_FE_AR1,raw,ES,IT,40,-.3673766520489925
DefGDP_s2_GIS_POOLED_AR1,innov,DE,ES,33,.2381398967542229
DefGDP_s2_GIS_POOLED_AR1,innov,DE,IT,33,.6928949921886233
DefGDP_s2_GIS_POOLED_AR1,innov,ES,IT,39,.2953626401700666
DefGDP_s2_GIS_POOLED_AR1,raw,DE,ES,34,.7766325453016568
DefGDP_s2_GIS_POOLED_AR1,raw,DE,IT,34,.1252809063676309
DefGDP_s2_GIS_POOLED_AR1,raw,ES,IT,40,-.3706810448935353
DefGDP_s3_FRUK_FE_AR1,innov,FR,UK,43,-.1788040945505411
DefGDP_s3_FRUK_FE_AR1,raw,FR,UK,44,-.1800291603894005
DefGDP_s3_FRUK_POOLED_AR1,innov,FR,UK,43,-.0564899154245833
DefGDP_s3_FRUK_POOLED_AR1,raw,FR,UK,44,-.0670221397386857
DefGDP_s3_GIS_FE_AR1,innov,DE,ES,33,.3049705933150391
DefGDP_s3_GIS_FE_AR1,innov,DE,IT,33,.5695351468248542
DefGDP_s3_GIS_FE_AR1,innov,ES,IT,39,.2756178719762762
DefGDP_s3_GIS_FE_AR1,raw,DE,ES,34,.6906937628385698
DefGDP_s3_GIS_FE_AR1,raw,DE,IT,34,.029252242307303
DefGDP_s3_GIS_FE_AR1,raw,ES,IT,40,-.2325688636184969
DefGDP_s3_GIS_POOLED_AR1,innov,DE,ES,33,.254351453318219
DefGDP_s3_GIS_POOLED_AR1,innov,DE,IT,33,.6240097319728565
DefGDP_s3_GIS_POOLED_AR1,innov,ES,IT,39,.3143668048199703
DefGDP_s3_GIS_POOLED_AR1,raw,DE,ES,34,.6269801105619729
DefGDP_s3_GIS_POOLED_AR1,raw,DE,IT,34,.0957341235346294
DefGDP_s3_GIS_POOLED_AR1,raw,ES,IT,40,-.2023410313444239
DefInd_s1_FRUK_FE_AR1,innov,FR,UK,43,.2194563663392159
DefInd_s1_FRUK_FE_AR1,raw,FR,UK,44,.793623795256772
DefInd_s1_FRUK_POOLED_AR1,innov,FR,UK,43,.2310089247536805
DefInd_s1_FRUK_POOLED_AR1,raw,FR,UK,44,.8656280499363662
DefInd_s1_GIS_FE_AR1,innov,DE,ES,33,.1925354117818073
DefInd_s1_GIS_FE_AR1,innov,DE,IT,33,.7204101275080637
DefInd_s1_GIS_FE_AR1,innov,ES,IT,43,.2789828557767779
DefInd_s1_GIS_FE_AR1,raw,DE,ES,34,.6436412258117069
DefInd_s1_GIS_FE_AR1,raw,DE,IT,34,.5708793883562685
DefInd_s1_GIS_FE_AR1,raw,ES,IT,44,.0444914653831217
DefInd_s1_GIS_POOLED_AR1,innov,DE,ES,33,.1730543752664467
DefInd_s1_GIS_POOLED_AR1,innov,DE,IT,33,.71873811420098
DefInd_s1_GIS_POOLED_AR1,innov,ES,IT,43,.2907104169419897
DefInd_s1_GIS_POOLED_AR1,raw,DE,ES,34,.5871366455642185
DefInd_s1_GIS_POOLED_AR1,raw,DE,IT,34,.5630746462845918
DefInd_s1_GIS_POOLED_AR1,raw,ES,IT,44,-.0240225811897685
DefInd_s2_FRUK_FE_AR1,innov,FR,UK,43,.1995521849378438
DefInd_s2_FRUK_FE_AR1,raw,FR,UK,44,.6231470717377823
DefInd_s2_FRUK_POOLED_AR1,innov,FR,UK,43,.2748674507139305
DefInd_s2_FRUK_POOLED_AR1,raw,FR,UK,44,.6785316812227423
DefInd_s2_GIS_FE_AR1,innov,DE,ES,33,.3808902653770626
DefInd_s2_GIS_FE_AR1,innov,DE,IT,33,.7023894303443777
DefInd_s2_GIS_FE_AR1,innov,ES,IT,43,.3109219064866532
DefInd_s2_GIS_FE_AR1,raw,DE,ES,34,.8187878907363997
DefInd_s2_GIS_FE_AR1,raw,DE,IT,34,.4090879769794612
DefInd_s2_GIS_FE_AR1,raw,ES,IT,44,.2591589550451285
DefInd_s2_GIS_POOLED_AR1,innov,DE,ES,33,.3982681134437987
DefInd_s2_GIS_POOLED_AR1,innov,DE,IT,33,.7373380228668015
DefInd_s2_GIS_POOLED_AR1,innov,ES,IT,43,.3779923597143408
DefInd_s2_GIS_POOLED_AR1,raw,DE,ES,34,.7894228653039815
DefInd_s2_GIS_POOLED_AR1,raw,DE,IT,34,.4487772066943816
DefInd_s2_GIS_POOLED_AR1,raw,ES,IT,44,.1399257599247167
DefInd_s3_FRUK_FE_AR1,innov,FR,UK,43,.2303904800999222
DefInd_s3_FRUK_FE_AR1,raw,FR,UK,44,.7146004444797897
DefInd_s3_FRUK_POOLED_AR1,innov,FR,UK,43,.2961811672380358
DefInd_s3_FRUK_POOLED_AR1,raw,FR,UK,44,.7889638951622409
DefInd_s3_GIS_FE_AR1,innov,DE,ES,33,.2235183865217054
DefInd_s3_GIS_FE_AR1,innov,DE,IT,33,.6590175341736552
DefInd_s3_GIS_FE_AR1,innov,ES,IT,43,.2493499773174891
DefInd_s3_GIS_FE_AR1,raw,DE,ES,34,.5848653266899536
DefInd_s3_GIS_FE_AR1,raw,DE,IT,34,.4551695936942154
DefInd_s3_GIS_FE_AR1,raw,ES,IT,44,.0229894326882245
DefInd_s3_GIS_POOLED_AR1,innov,DE,ES,33,.1621155793074633
DefInd_s3_GIS_POOLED_AR1,innov,DE,IT,33,.7059471779432407
DefInd_s3_GIS_POOLED_AR1,innov,ES,IT,43,.2870244420380724
DefInd_s3_GIS_POOLED_AR1,raw,DE,ES,34,.5650532366770084
DefInd_s3_GIS_POOLED_AR1,raw,DE,IT,34,.5237997404017025
DefInd_s3_GIS_POOLED_AR1,raw,ES,IT,44,-.0326300824172321
