model,military,block,spec,method,type,country,N,mean,sd,skewness,kurtosis,JB,JB_p,lags,Q,Q_p,LM,LM_p
DefGDP_s1_FRUK_FE_AR1,DefGDP,FRUK,1,FE_AR1,innov,FR,43,.0024745900026896,.0326626126708856,-.0817648750132523,3.680860475044369,.8784773967382973,.6445269137435808,8,11.07299231989323,.1975975587249627,.8299557221074915,.6603549001047954
DefGDP_s1_FRUK_FE_AR1,DefGDP,FRUK,1,FE_AR1,innov,UK,43,.0065148861684407,.0421676744453628,-.0036413884031804,3.164985986608735,.0488648678523571,.9758636219644851,8,14.62524249604502,.066855295350213,1.185518384247802,.5527998974029698
DefGDP_s1_FRUK_FE_AR1,DefGDP,FRUK,1,FE_AR1,raw,FR,44,.001472595885865,.0477072760494139,-.016806210329293,3.343680439848439,.2186177391877347,.8964534875082026,8,34.28607691232878,.0000360525569798,3.858188072650407,.1452797570635611
DefGDP_s1_FRUK_FE_AR1,DefGDP,FRUK,1,FE_AR1,raw,UK,44,.0057782348410796,.0703866405545094,-.6130006025878113,2.314094815755195,3.618165607587629,.1638043086140863,8,52.8428394507916,1.15667935933e-08,2.900928561011368,.2344614069594729
DefGDP_s1_FRUK_POOLED_AR1,DefGDP,FRUK,1,POOLED_AR1,innov,FR,43,-.0035441643376668,.0304186448357343,-.7139285993158682,3.33123352720558,3.849381194036223,.1459208982334622,8,5.06293040905043,.7508293596861552,.1932248110137234,.9079078380231114
DefGDP_s1_FRUK_POOLED_AR1,DefGDP,FRUK,1,POOLED_AR1,innov,UK,43,.0160928684597371,.0426055738888509,-.0020804767387678,3.410579779884714,.3020625822880401,.8598207934619808,8,9.705120547225793,.2863355400089664,.5353140609611059,.7651701661494348
DefGDP_s1_FRUK_POOLED_AR1,DefGDP,FRUK,1,POOLED_AR1,raw,FR,44,-.0394803740646139,.06556147070732,-.9902273224623919,3.633373285267453,7.926164251673502,.0190044498265964,8,68.03956623052284,1.20577500672e-11,30.41490351317382,2.48592268979e-07
DefGDP_s1_FRUK_POOLED_AR1,DefGDP,FRUK,1,POOLED_AR1,raw,UK,44,.050123299163034,.0827329405270854,-.5387910147593677,2.088181606211126,3.653092324921305,.1609685680660787,8,85.48204957869076,3.82838135514e-15,7.843963766016214,.0198018109566283
DefGDP_s1_GIS_FE_AR1,DefGDP,GIS,1,FE_AR1,innov,DE,33,.0085217169692438,.036354870667527,.7863722640300864,4.714793764992242,7.444309134624292,.0241818103393333,8,8.843278973855812,.3556888922491717,2.316322136254985,.3140631909907555
DefGDP_s1_GIS_FE_AR1,DefGDP,GIS,1,FE_AR1,innov,ES,39,-.0041762866638438,.027113484717849,-.239846588828746,3.35546817421772,.5792526473058349,.7485432282231828,8,5.579180421715538,.6942525646526229,1.5348744615135,.464201185747055
DefGDP_s1_GIS_FE_AR1,DefGDP,GIS,1,FE_AR1,innov,IT,43,.004922877913713,.033053008296818,-.0423605274031521,2.668708649971767,.2095024781847476,.9005485159909086,8,4.715779034471574,.7874770742178253,1.41380201471047,.4931701624686562
DefGDP_s1_GIS_FE_AR1,DefGDP,GIS,1,FE_AR1,raw,DE,34,.0105806639287421,.0802181214322759,-.3913485129803317,2.355848186683634,1.455690440149109,.4829485174821014,8,70.56331933394084,3.79565613907e-12,2.878731502352967,.2370780774990516
DefGDP_s1_GIS_FE_AR1,DefGDP,GIS,1,FE_AR1,raw,ES,40,-.0109343692279627,.0684266979687074,.3961231337263754,1.808383756442377,3.412672367005325,.1815296671064405,8,84.9948666754857,4.80327508413e-15,15.66837278529381,.0003959643434143
DefGDP_s1_GIS_FE_AR1,DefGDP,GIS,1,FE_AR1,raw,IT,44,.0147899481601498,.061975266844611,-.1211034187487256,2.637717818593633,.3481729736742993,.8402242261800947,8,51.87821478212934,1.77673640396e-08,4.910874272985348,.0858256697075932
DefGDP_s1_GIS_POOLED_AR1,DefGDP,GIS,1,POOLED_AR1,innov,DE,33,.0124821668818319,.0362869670368703,.7978273814376893,4.810545774632365,8.008261420948237,.0182401383301644,8,9.170026153948966,.3281565321254846,2.747950096923564,.2530988769900153
DefGDP_s1_GIS_POOLED_AR1,DefGDP,GIS,1,POOLED_AR1,innov,ES,39,-.0047536331945045,.0270685069929993,-.1790975304882721,3.335051306688471,.3909150047101679,.8224582953620871,8,4.684867742422743,.7906654159930641,1.724032393866077,.4223097637349843
DefGDP_s1_GIS_POOLED_AR1,DefGDP,GIS,1,POOLED_AR1,innov,IT,43,.0007153654076387,.0330680009209426,-.0265005170100259,2.667467365865003,.2031518200830846,.9034125986513786,8,4.785912011165534,.7801939037073307,.7898026583048045,.6737465151089108
DefGDP_s1_GIS_POOLED_AR1,DefGDP,GIS,1,POOLED_AR1,raw,DE,34,.0346581538258976,.0775461940594149,-.4588063153452166,2.446917311342166,1.626210650702095,.4434787798671013,8,65.52194239094092,3.80494707101e-11,1.253116098121563,.5344281142938103
DefGDP_s1_GIS_POOLED_AR1,DefGDP,GIS,1,POOLED_AR1,raw,ES,40,-.0093228159647171,.0706352173931642,.655599844328246,2.193368404849603,3.94983192304626,.1387729740222968,8,78.1467190695695,1.15317604291e-13,23.27577532731009,8.82530262759e-06
DefGDP_s1_GIS_POOLED_AR1,DefGDP,GIS,1,POOLED_AR1,raw,IT,44,-.0067865468948212,.0602288015594226,-.0456494769017819,2.452604779708902,.5646245479658017,.7540381812581092,8,50.9267514307003,2.71071615380e-08,4.341434735923968,.1140957389183246
DefGDP_s2_FRUK_FE_AR1,DefGDP,FRUK,2,FE_AR1,innov,FR,43,.0061720476282971,.0254225830522903,-1.084284214303166,4.407060820665338,11.97282895215752,.0025126571103264,8,4.132235782795355,.8449998533477825,1.782791437567516,.4100829926035995
DefGDP_s2_FRUK_FE_AR1,DefGDP,FRUK,2,FE_AR1,innov,UK,43,.0081728655483057,.0439202191697676,-.162923519723587,4.393808483415897,3.67090710029251,.1595411254554311,8,12.28497899239549,.138934553221974,.7057791365965199,.7026547844564885
DefGDP_s2_FRUK_FE_AR1,DefGDP,FRUK,2,FE_AR1,raw,FR,44,.0108115491007814,.0640078622722409,-.9046946756753766,3.581807423028782,6.622714454166968,.0364666466311154,8,70.83065385585756,3.35752825962e-12,11.58698045803534,.0030473277223538
DefGDP_s2_FRUK_FE_AR1,DefGDP,FRUK,2,FE_AR1,raw,UK,44,.0051086236078219,.1000480375636044,-.3288164231391985,2.064867122967361,2.396083173387871,.3017846526392949,8,112.3942661816114,1.22537619432e-20,2.459418062030862,.2923776381297604
DefGDP_s2_FRUK_POOLED_AR1,DefGDP,FRUK,2,POOLED_AR1,innov,FR,43,-.0002118588315018,.0282162548154696,-.8877187900124904,3.939966533834522,7.230657269484809,.0269080808338085,8,3.324982059069908,.9123403773424659,.850876562488541,.6534833128772475
DefGDP_s2_FRUK_POOLED_AR1,DefGDP,FRUK,2,POOLED_AR1,innov,UK,43,.0142297289551568,.0433235538918724,-.0221046119524888,3.810174356548553,1.17952035708113,.554460240255093,8,11.77091229188966,.1617216159467731,.3658824125874997,.8328171187027569
DefGDP_s2_FRUK_POOLED_AR1,DefGDP,FRUK,2,POOLED_AR1,raw,FR,44,-.0274942794266668,.0701730509894318,-.9742339661580458,3.53686056941665,7.488702016140611,.0236509733588121,8,72.87524696083592,1.31238078797e-12,21.79851630114242,.0000184719323065
DefGDP_s2_FRUK_POOLED_AR1,DefGDP,FRUK,2,POOLED_AR1,raw,UK,44,.0401796128838297,.0922564965442798,-.3714930722247557,2.081592088903781,2.558419420348129,.2782571173510612,8,101.9516192538739,1.70305197774e-18,9.886903431507692,.0071299453045687
DefGDP_s2_GIS_FE_AR1,DefGDP,GIS,2,FE_AR1,innov,DE,33,.0083371662569559,.036813004727533,.7461241664257727,4.326840307317165,5.482551646027123,.0644880190876303,8,7.820896758101414,.4511583394686232,2.029202011807864,.362547055112792
DefGDP_s2_GIS_FE_AR1,DefGDP,GIS,2,FE_AR1,innov,ES,39,-.0020943982996066,.02751756819001,-.3910446402477604,3.197415529283469,1.057284367535944,.5894047299012688,8,7.322330218214277,.5022882660150261,1.183942449371206,.553235657381808
DefGDP_s2_GIS_FE_AR1,DefGDP,GIS,2,FE_AR1,innov,IT,43,.0054555711813903,.0338189602520112,-.0647176621325048,2.636021032588873,.2673779271277543,.8748621362900072,8,5.066161871409634,.7504818257467265,1.53017232066178,.4652938393760238
DefGDP_s2_GIS_FE_AR1,DefGDP,GIS,2,FE_AR1,raw,DE,34,.0074127977196413,.0836642762947711,-.2228850402226455,2.176324831900848,1.242631641814771,.5372370645468598,8,77.80970860502369,1.34770071406e-13,3.947472109830747,.1389368098077793
DefGDP_s2_GIS_FE_AR1,DefGDP,GIS,2,FE_AR1,raw,ES,40,-.0076149799699281,.0647657620766322,-.0125981659060728,1.706473436681341,2.789743041912947,.2478648797642563,8,98.77753641965157,7.58752428936e-18,4.099476808440121,.1287685845005139
DefGDP_s2_GIS_FE_AR1,DefGDP,GIS,2,FE_AR1,raw,IT,44,.015466171431932,.0663177329401531,-.1779401469724542,2.810437582917776,.2980719382453439,.861538125571107,8,53.78988884979241,7.58246334957e-09,4.887518731896231,.0868337970687446
DefGDP_s2_GIS_POOLED_AR1,DefGDP,GIS,2,POOLED_AR1,innov,DE,33,.0184694101685218,.0367451401277649,.8630928332387248,4.906958824643686,9.09728725680311,.0105815471646252,8,12.06389334121429,.1483758063003621,2.383917357155304,.3036259755736346
DefGDP_s2_GIS_POOLED_AR1,DefGDP,GIS,2,POOLED_AR1,innov,ES,39,-.0062771795389233,.0272244172640366,-.4821968613349158,3.603308266007677,2.102808688757021,.3494466609095498,8,5.874507839217555,.661286527315003,.4884313832274449,.7833186607744341
DefGDP_s2_GIS_POOLED_AR1,DefGDP,GIS,2,POOLED_AR1,innov,IT,43,.002401387740366,.0331212378068509,.0919203499984248,2.933799033043135,.0684057813774288,.9663754161721736,8,5.386145366781778,.7156188324262935,1.284826298479626,.526021522784748
DefGDP_s2_GIS_POOLED_AR1,DefGDP,GIS,2,POOLED_AR1,raw,DE,34,.0868565574710077,.0854213791805798,-.3002591946517367,2.338148768831648,1.131448299795159,.567948717801575,8,73.66851415164503,9.10992992719e-13,12.15921708400699,.0022890725533126
DefGDP_s2_GIS_POOLED_AR1,DefGDP,GIS,2,POOLED_AR1,raw,ES,40,-.0435997432504047,.0715246866188671,-.0514417659010176,1.757166355690087,2.592034147574532,.2736194316105587,8,117.4879570633474,1.09374073164e-21,7.463014690322285,.023956697594953
DefGDP_s2_GIS_POOLED_AR1,DefGDP,GIS,2,POOLED_AR1,raw,IT,44,-.0041819628145474,.067427899865987,-.2804793750706622,3.098568142696423,.5947157298770219,.7427781505362954,8,53.3264182181068,9.32420760637e-09,3.669461478365982,.1596564852166293
DefGDP_s3_FRUK_FE_AR1,DefGDP,FRUK,3,FE_AR1,innov,FR,43,.0027014673205188,.0329273596493908,-.0410327720544806,3.846607163317459,1.296232209497683,.5230301832889919,8,10.39447773696718,.2384226631492981,1.100203637710807,.5768910690017092
DefGDP_s3_FRUK_FE_AR1,DefGDP,FRUK,3,FE_AR1,innov,UK,43,.0065730964834452,.0410294634880848,.0479580958610393,3.378384924087096,.2730053276777977,.8724039963128258,8,11.80211119555928,.1602539873842529,.7668299534226478,.6815300215092108
DefGDP_s3_FRUK_FE_AR1,DefGDP,FRUK,3,FE_AR1,raw,FR,44,.0020982560290072,.0513878460333518,.0011529067750301,3.285879900659515,.1498431630249061,.9278162414222172,8,41.02546810168658,2.06186956008e-06,3.483284792422758,.1752323631765518
DefGDP_s3_FRUK_FE_AR1,DefGDP,FRUK,3,FE_AR1,raw,UK,44,.0056692505023335,.0671317974921756,-.6665586843303786,2.540325646839103,3.645587787561261,.1615736999812703,8,46.07821441823221,2.29698197344e-07,3.040433460069232,.2186644906536709
DefGDP_s3_FRUK_POOLED_AR1,DefGDP,FRUK,3,POOLED_AR1,innov,FR,43,-.0032861174478923,.0306436809520107,-.6972700029429375,3.452310465977723,3.850876799288081,.1458118189925398,8,4.608415733716092,.7984910106530766,.3144305370914381,.8545200877202289
DefGDP_s3_FRUK_POOLED_AR1,DefGDP,FRUK,3,POOLED_AR1,innov,UK,43,.0158552609495983,.0418191902946607,.0807337338349102,3.533010931840071,.5557255438666325,.7574007510239175,8,10.20667805229808,.2508185068571939,.2357755863853201,.888795775956091
DefGDP_s3_FRUK_POOLED_AR1,DefGDP,FRUK,3,POOLED_AR1,raw,FR,44,-.0362087988016293,.0674505674035378,-.8494004344802518,3.399876306426124,5.584013330173597,.0612980856893207,8,65.99169461855182,3.07156615431e-11,24.29216685891637,5.30912547919e-06
DefGDP_s3_FRUK_POOLED_AR1,DefGDP,FRUK,3,POOLED_AR1,raw,UK,44,.0475921555084727,.0780498112963021,-.5582077400748959,2.223195963801381,3.391314730783019,.1834785769092556,8,76.58623330553725,2.37228170757e-13,8.720664750672032,.0127741411344045
DefGDP_s3_GIS_FE_AR1,DefGDP,GIS,3,FE_AR1,innov,DE,33,.0083023177759075,.0364276151535882,.7457137197033514,4.520604739009409,6.237817546555522,.0442053802020593,8,7.479258603972508,.4859132102133435,2.456359956931437,.2928250408668004
DefGDP_s3_GIS_FE_AR1,DefGDP,GIS,3,FE_AR1,innov,ES,39,-.0040942886399352,.0270628530888577,-.1641720174852443,2.934798424977041,.182099207365036,.9129724229818341,8,5.516840123234814,.7011735439936603,2.454808819183838,.2930522349449053
DefGDP_s3_GIS_FE_AR1,DefGDP,GIS,3,FE_AR1,innov,IT,43,.004504752393789,.0336412159564008,-.1176808891085239,2.512946194075347,.5242713662491977,.76940662113046,8,4.721496971685071,.7868858137532394,1.103123689207814,.5760494077599397
DefGDP_s3_GIS_FE_AR1,DefGDP,GIS,3,FE_AR1,raw,DE,34,.0090466727273073,.0787032036068732,-.4079202481666155,2.367881332959098,1.508990443294994,.470247925804008,8,69.47768937424831,6.24337708342e-12,3.631587277887076,.1627087251538185
DefGDP_s3_GIS_FE_AR1,DefGDP,GIS,3,FE_AR1,raw,ES,40,-.0087603341979487,.0641327184954399,.5123939370265217,2.002467734243417,3.408768013386032,.1818843912422902,8,77.18635983859808,1.79783204474e-13,18.89437119935175,.0000789113411465
DefGDP_s3_GIS_FE_AR1,DefGDP,GIS,3,FE_AR1,raw,IT,44,.0127038382633088,.0615409413965249,-.0991547002235542,2.444711305224486,.6373989468938411,.7270940275372995,8,50.83226283648326,2.82670693794e-08,3.72453740759545,.1553198556023163
DefGDP_s3_GIS_POOLED_AR1,DefGDP,GIS,3,POOLED_AR1,innov,DE,33,.0127212213542731,.0362753321076701,.8111174359701546,4.869660312353774,8.425004037078752,.0148092688803819,8,9.138273471130569,.330766076896391,2.777692659904401,.2493628211679871
DefGDP_s3_GIS_POOLED_AR1,DefGDP,GIS,3,POOLED_AR1,innov,ES,39,-.004617409450383,.0268759919850925,-.2076023964641842,3.313456162571347,.4398059021275471,.8025966853375048,8,4.314095222257732,.8277312980110088,1.740304034620649,.4188878662005514
DefGDP_s3_GIS_POOLED_AR1,DefGDP,GIS,3,POOLED_AR1,innov,IT,43,.0003095628554287,.0331676845655981,-.0360149972747051,2.674518974369353,.1991011408706555,.905244170119206,8,4.669799462454696,.7922146496326552,.6378987076127464,.7269123637183981
DefGDP_s3_GIS_POOLED_AR1,DefGDP,GIS,3,POOLED_AR1,raw,DE,34,.0363970533867542,.0772307519431818,-.4718361004763763,2.45156007888391,1.687680057393517,.4300559215230244,8,65.5229489419328,3.80320238792e-11,1.524108461619671,.4667067182959108
DefGDP_s3_GIS_POOLED_AR1,DefGDP,GIS,3,POOLED_AR1,raw,ES,40,-.0087512975533613,.0693105732405661,.6979500009600164,2.279731470528574,4.112205949845462,.1279516302793752,8,76.24725869038086,2.77427262404e-13,23.96087047313761,6.26560606185e-06
DefGDP_s3_GIS_POOLED_AR1,DefGDP,GIS,3,POOLED_AR1,raw,IT,44,-.0085208640878765,.06009825980797,-.0503016749506683,2.402940438194303,.6721021163174671,.7145866194075583,8,50.66679777386508,3.04183962034e-08,3.456289720407439,.1776136025888262
DefInd_s1_FRUK_FE_AR1,DefInd,FRUK,1,FE_AR1,innov,FR,43,.006016505848996,.0463521958708005,-.2382802431478105,4.679674475902941,5.4617457670925,.0651623856621764,8,4.10041964378708,.8479514335001941,.8438239187730098,.6557917731619805
DefInd_s1_FRUK_FE_AR1,DefInd,FRUK,1,FE_AR1,innov,UK,43,.0166008480618941,.046430787496731,.0849019059268638,2.648899317709069,.2725215006618402,.8726150681534839,8,12.53110732866562,.1290335396324977,4.642522161191908,.0981497328030571
DefInd_s1_FRUK_FE_AR1,DefInd,FRUK,1,FE_AR1,raw,FR,44,.0072798379603573,.0910857601132245,-.5264960061154764,3.160111071470466,2.079784177220955,.3534928258026841,8,84.79792392353816,5.26445432738e-15,12.0669542129508,.0023971443446256
DefInd_s1_FRUK_FE_AR1,DefInd,FRUK,1,FE_AR1,raw,UK,44,.0208119114754919,.1369367778213726,-1.600526283020267,5.431392030682413,29.62374201860449,3.69220795781e-07,8,78.9563395808032,7.92807188894e-14,3.94875439943308,.1388477597445234
DefInd_s1_FRUK_POOLED_AR1,DefInd,FRUK,1,POOLED_AR1,innov,FR,43,-.0034406099094469,.0444591592135914,-.4468890170825027,3.089369283199387,1.445563327284319,.4854001563218704,8,6.729405826193921,.5660892292102955,1.79335733674757,.4079222573790096
DefInd_s1_FRUK_POOLED_AR1,DefInd,FRUK,1,POOLED_AR1,innov,UK,43,.0301631445564296,.0443835524927602,.248277836954847,3.131995430988482,.4729826765429604,.7893927197777909,8,12.5187083525477,.1295173655870985,3.822894587568183,.1478662257865836
DefInd_s1_FRUK_POOLED_AR1,DefInd,FRUK,1,POOLED_AR1,raw,FR,44,-.0471606076179717,.1271739436647132,-1.05777137000054,3.111585077727859,8.227949242961824,.0163426892635309,8,126.3925240989222,1.58091819804e-23,20.30814671367355,.0000389172345913
DefInd_s1_FRUK_POOLED_AR1,DefInd,FRUK,1,POOLED_AR1,raw,UK,44,.0789990366242989,.1455726203638802,-1.506565638572481,4.812848038031798,22.66985985422577,.0000119481998977,8,97.36632782304083,1.47292831234e-17,.9712136264101421,.6153236969087466
DefInd_s1_GIS_FE_AR1,DefInd,GIS,1,FE_AR1,innov,DE,33,.008947985397586,.0382168713192155,.69033887298821,4.139244696338536,4.405705585008763,.1104875103958455,8,5.48136212108095,.7051040294331858,2.050057961895154,.3587860672950711
DefInd_s1_GIS_FE_AR1,DefInd,GIS,1,FE_AR1,innov,ES,43,.0016214417876853,.0276740954285177,-.2935007612782564,3.281712582951835,.7595462073213971,.6840165924672861,8,22.35670528603684,.0042962118064793,1.880613333587918,.3905080611389471
DefInd_s1_GIS_FE_AR1,DefInd,GIS,1,FE_AR1,innov,IT,43,.0046435194919579,.0316407168938083,.1124194055154096,2.82960048684857,.142596035675161,.9311843412283252,8,7.385514731040529,.4956659610151367,4.019179902413637,.1340436278291215
DefInd_s1_GIS_FE_AR1,DefInd,GIS,1,FE_AR1,raw,DE,34,.0188185086428806,.0877561777627555,-.4504607810532263,2.487013089428054,1.522654911272514,.467046032439723,8,66.72289607166988,2.20036010168e-11,3.289559447242349,.1930550835851528
DefInd_s1_GIS_FE_AR1,DefInd,GIS,1,FE_AR1,raw,ES,44,.0047611736916221,.066203926437409,.3708491672004853,1.702269198678976,4.09607302857588,.128987921048439,8,100.9634390354583,2.71252234879e-18,3.292719101203556,.1927503307471251
DefInd_s1_GIS_FE_AR1,DefInd,GIS,1,FE_AR1,raw,IT,44,.0125410273030529,.0569662272425089,-.2560576307145958,2.590369883073687,.7884412684165497,.6742052870795352,8,47.78308778415398,1.08690694949e-07,4.015288898489237,.134304663810756
DefInd_s1_GIS_POOLED_AR1,DefInd,GIS,1,POOLED_AR1,innov,DE,33,.0125060534695648,.0381177563228585,.7232478745533556,4.268984525745535,5.091173558302432,.0784270191367635,8,5.906265871924609,.657730779241956,2.105992955160694,.348890737947581
DefInd_s1_GIS_POOLED_AR1,DefInd,GIS,1,POOLED_AR1,innov,ES,43,.000509408440043,.0280263533325144,-.2674896386760372,3.238594333398944,.6147747322678366,.735365689964053,8,22.45829309322464,.0041340129413434,1.939203724562935,.3792339954082281
DefInd_s1_GIS_POOLED_AR1,DefInd,GIS,1,POOLED_AR1,innov,IT,43,.0017694506317413,.031825848981176,.1238079904616083,2.885094423298973,.1335095633049658,.9354245564785495,8,7.569548567877892,.4766048172358612,3.301690926507699,.1918876061001866
DefInd_s1_GIS_POOLED_AR1,DefInd,GIS,1,POOLED_AR1,raw,DE,34,.0423664391345107,.0862116007488256,-.496819894168286,2.53412854315356,1.706171344632178,.4260981022230798,8,63.57292663194819,9.23595426468e-11,5.979240561527947,.0503065354564949
DefInd_s1_GIS_POOLED_AR1,DefInd,GIS,1,POOLED_AR1,raw,ES,44,.0026811029555002,.0674094634285686,.3756482285286973,1.73117201072635,3.986346526710546,.1362623423678686,8,102.4801748562437,1.32756701458e-18,3.419878075576297,.1808768189319792
DefInd_s1_GIS_POOLED_AR1,DefInd,GIS,1,POOLED_AR1,raw,IT,44,-.0025413791473323,.0562023022108923,-.1949150289688282,2.464198274832241,.8049267650681092,.6686708235089834,8,47.21162792630097,1.39730705474e-07,7.953072072481407,.0187504779496855
DefInd_s2_FRUK_FE_AR1,DefInd,FRUK,2,FE_AR1,innov,FR,43,.0114057290713911,.0353614741712334,-.0479408585428308,2.110564849741053,1.43384967408585,.4882514023450824,8,13.36197879214966,.0999871342016233,3.816947633893099,.1483065569167883
DefInd_s2_FRUK_FE_AR1,DefInd,FRUK,2,FE_AR1,innov,UK,43,.0169177835574331,.0480778660753168,.8509107855008914,4.736280950371454,10.59030552168502,.0050158480917823,8,13.23941348450174,.1038733403807894,2.95335284723612,.2283955182837507
DefInd_s2_FRUK_FE_AR1,DefInd,FRUK,2,FE_AR1,raw,FR,44,.0197495906142811,.1234569631834661,-.8302206395339367,3.314259418921569,5.235677743291375,.0729603692931091,8,104.0518414514463,6.32720726032e-19,10.69358125838712,.0047634140559167
DefInd_s2_FRUK_FE_AR1,DefInd,FRUK,2,FE_AR1,raw,UK,44,.0156956759005312,.1591283718488354,-.9065320908983451,3.413532454674046,6.340053167035212,.0420024813149026,8,126.8630190124112,1.26329879759e-23,4.755085930825206,.0927782570741091
DefInd_s2_FRUK_POOLED_AR1,DefInd,FRUK,2,POOLED_AR1,innov,FR,43,.0054619491041807,.0381873659742663,-.0375056988594014,2.453748211449355,.5446984262561593,.7615882580287653,8,11.4954750961883,.1751734762837536,2.69962038950571,.2592894704776277
DefInd_s2_FRUK_POOLED_AR1,DefInd,FRUK,2,POOLED_AR1,innov,UK,43,.0226391335955561,.0475479358434881,.8084149253536019,4.699060020318093,9.855857496149648,.0072414867020731,8,13.00834294808499,.1115628794168314,3.587910034241124,.1663011434266367
DefInd_s2_FRUK_POOLED_AR1,DefInd,FRUK,2,POOLED_AR1,raw,FR,44,-.0106168020743827,.1295100975105184,-.9101932910181545,3.325921334980401,6.270058711864277,.0434984768722245,8,103.5565799781592,7.99212834790e-19,6.033673649196446,.0489558295777939
DefInd_s2_FRUK_POOLED_AR1,DefInd,FRUK,2,POOLED_AR1,raw,UK,44,.0435249643736343,.1517578954790375,-1.015269858050153,3.661728187863253,8.361788844334741,.0152848303599404,8,119.683475952814,3.85365357846e-22,1.42365120853422,.4907474685013419
DefInd_s2_GIS_FE_AR1,DefInd,GIS,2,FE_AR1,innov,DE,33,.0090946375103053,.0380359630817097,.6753740854625088,3.878232036686585,3.569241680839929,.1678606949263099,8,7.526081701837102,.4810753799011434,2.611191727907887,.271011001237533
DefInd_s2_GIS_FE_AR1,DefInd,GIS,2,FE_AR1,innov,ES,43,.0051355516360841,.0268583200480637,-.4805638791960773,3.349053826925446,1.873375879494115,.3919237631965804,8,17.53638310823921,.0249839378153929,.5002738775328514,.7786941423546704
DefInd_s2_GIS_FE_AR1,DefInd,GIS,2,FE_AR1,innov,IT,43,.0059531993294823,.0337094786645191,.0922066786581545,2.711917205015462,.2096249697616407,.9004933628759775,8,6.663227410599578,.5733647034279629,3.249486156640082,.1969622725820944
DefInd_s2_GIS_FE_AR1,DefInd,GIS,2,FE_AR1,raw,DE,34,.0147584017291739,.0916289285361681,-.2157994648104481,2.403061527628844,.7687019991161759,.6808923923026295,8,72.77805053112716,1.37238477405e-12,4.671533165249217,.0967362977306961
DefInd_s2_GIS_FE_AR1,DefInd,GIS,2,FE_AR1,raw,ES,44,.0081191394950774,.074046224752159,.2052755425139151,2.049929793766322,1.96384024868246,.374591146295373,8,113.8860609922674,6.04227922019e-21,12.57365664416059,.0018606519869127
DefInd_s2_GIS_FE_AR1,DefInd,GIS,2,FE_AR1,raw,IT,44,.0154234581783791,.0655665172784879,-.4930041040610752,3.187800458657289,1.84704886438626,.3971169599677964,8,48.71100845121553,7.22236282446e-08,3.170775032724509,.2048683878799645
DefInd_s2_GIS_POOLED_AR1,DefInd,GIS,2,POOLED_AR1,innov,DE,33,.0203848938020019,.0373711436659065,.7462237787282131,4.414650078396209,5.81437251458807,.0546292264053697,8,13.15804211146221,.1065263336607074,3.076405005271252,.2147667974316919
DefInd_s2_GIS_POOLED_AR1,DefInd,GIS,2,POOLED_AR1,innov,ES,43,-.0003161414045121,.0275591012246918,-.3835683965640377,3.235012799897168,1.153349360246348,.5617633067756158,8,13.58560886172777,.0932265199862263,.5713303583713668,.7515141964225627
DefInd_s2_GIS_POOLED_AR1,DefInd,GIS,2,POOLED_AR1,innov,IT,43,.0019729994649168,.0345681586883815,.1479041661070227,3.006713621678255,.156856192137568,.9245685376540557,8,6.150575368926693,.6303695443707427,2.966654416413122,.2268815490130177
DefInd_s2_GIS_POOLED_AR1,DefInd,GIS,2,POOLED_AR1,raw,DE,34,.08567911496918,.0897066482352388,-.325595283152495,2.682686517779055,.7433774161620436,.689568866332829,8,63.39750515345172,1.00020862350e-10,12.63067779675766,.0018083528089077
DefInd_s2_GIS_POOLED_AR1,DefInd,GIS,2,POOLED_AR1,raw,ES,44,-.0163316997187244,.0746647197066105,.3180038372315551,2.189294333214512,1.946540640245806,.3778453401529923,8,132.3211948957712,9.33902704975e-25,8.62222816824413,.0134185918235939
DefInd_s2_GIS_POOLED_AR1,DefInd,GIS,2,POOLED_AR1,raw,IT,44,-.0058763685465996,.0721029098130634,-.4390583772142482,3.007736164848254,1.413772951533425,.4931773290665996,8,54.79142110659467,4.84676197929e-09,2.794171780576116,.2473166226220586
DefInd_s3_FRUK_FE_AR1,DefInd,FRUK,3,FE_AR1,innov,FR,43,.0067202477428519,.0424505823158416,.1330674800345877,3.872677624955548,1.491372680207098,.4744085825405763,8,6.405153565598896,.6019461377437296,2.492426497049187,.2875917760836071
DefInd_s3_FRUK_FE_AR1,DefInd,FRUK,3,FE_AR1,innov,UK,43,.0155550316640827,.0439309860535022,.4280938701294129,3.990006325918342,3.069429533037396,.2155171551119712,8,6.049905720018312,.6416415974960634,3.629132803226226,.1629085299541907
DefInd_s3_FRUK_FE_AR1,DefInd,FRUK,3,FE_AR1,raw,FR,44,.010445787407874,.0938201134974386,-.3957818836043719,3.239195609821203,1.253610851744965,.5342959255217055,8,82.00941538583088,1.92474796992e-14,9.889240885193683,.0071216172136818
DefInd_s3_FRUK_FE_AR1,DefInd,FRUK,3,FE_AR1,raw,UK,44,.019198248328432,.1252202131921009,-1.721004401045364,5.713371541135929,35.21798447551342,2.25170679950e-08,8,76.84368782621998,2.10628172643e-13,2.774946114546406,.2497054995590367
DefInd_s3_FRUK_POOLED_AR1,DefInd,FRUK,3,POOLED_AR1,innov,FR,43,-.0017290477011063,.0413740122659463,-.0745487375543053,2.857107005220366,.0764118331981991,.9625147227254078,8,6.254017437007604,.6188015808011829,1.268000222545293,.5304656298356571
DefInd_s3_FRUK_POOLED_AR1,DefInd,FRUK,3,POOLED_AR1,innov,UK,43,.026892231105113,.0432946353493255,.6391551723222688,4.456745201118851,6.729829520122736,.0345649623077017,8,10.1266432591794,.256249531445906,3.777938767037517,.1512275861919751
DefInd_s3_FRUK_POOLED_AR1,DefInd,FRUK,3,POOLED_AR1,raw,FR,44,-.036588338934485,.1174394981695506,-.9259939055375772,3.40352848451935,6.586605832013945,.0371310060430399,8,99.23068419270479,6.13113587237e-18,10.17939955127974,.0061598689523025
DefInd_s3_FRUK_POOLED_AR1,DefInd,FRUK,3,POOLED_AR1,raw,UK,44,.0684106683182026,.1300125204364249,-1.594408655982048,5.108247455335049,26.79098250034917,1.52199094162e-06,8,91.05368072977598,2.84127939507e-16,.0361060594153102,.9821089500268522
DefInd_s3_GIS_FE_AR1,DefInd,GIS,3,FE_AR1,innov,DE,33,.0084636466080872,.0385449422625431,.5883876668741922,3.770688906117717,2.720797167180873,.2565584965645499,8,4.519914908412177,.8074373913995009,2.392734201256895,.3022904101587024
DefInd_s3_GIS_FE_AR1,DefInd,GIS,3,FE_AR1,innov,ES,43,.0015634392916031,.0282627399159061,-.1541923680728187,2.69251885701012,.3397820561510428,.8437567573844544,8,26.13211359360982,.0009969938205837,2.894427977667534,.2352247147323575
DefInd_s3_GIS_FE_AR1,DefInd,GIS,3,FE_AR1,innov,IT,43,.0039893910138941,.0322338900696719,.0215304467403682,2.477078212730146,.4932484064333701,.7814342988558349,8,7.991724772705763,.4342788905582821,2.570108539381257,.2766355702977756
DefInd_s3_GIS_FE_AR1,DefInd,GIS,3,FE_AR1,raw,DE,34,.0139312804247496,.084540298297357,-.4477744851802591,2.475339513060174,1.526141828565436,.4662324664116132,8,63.70399976096035,8.70194559598e-11,3.284590165972897,.193535352491313
DefInd_s3_GIS_FE_AR1,DefInd,GIS,3,FE_AR1,raw,ES,44,.0039602897308653,.061146118605007,.4228862120549138,1.876563309432505,3.62530848367941,.163220335107544,8,90.17319405412674,4.28878448753e-16,2.241882382115567,.3259728474686222
DefInd_s3_GIS_FE_AR1,DefInd,GIS,3,FE_AR1,raw,IT,44,.0096993644679224,.0527867445783201,-.2300772099974287,2.381678917519208,1.089115594015208,.5800982478120549,8,40.83409402363365,2.23890515178e-06,2.549311376826269,.2795271961067323
DefInd_s3_GIS_POOLED_AR1,DefInd,GIS,3,POOLED_AR1,innov,DE,33,.0128123779380524,.0381092414625731,.7243215790791515,4.270261716112625,5.104181262262848,.0779185965578396,8,5.69984627840028,.6808122725819229,2.147280423433701,.3417621636666858
DefInd_s3_GIS_POOLED_AR1,DefInd,GIS,3,POOLED_AR1,innov,ES,43,.0006567461093812,.0279627577445892,-.2641804646872929,3.147702078560084,.5392579397968104,.7636627836593756,8,22.60191346515369,.0039147664663213,2.185098819042155,.335360431866301
DefInd_s3_GIS_POOLED_AR1,DefInd,GIS,3,POOLED_AR1,innov,IT,43,.0011305076343289,.0319334672287218,.1067130538647272,2.841076903296494,.1268629969764246,.9385384083985349,8,7.600244694777805,.4734598127542157,2.774890290978395,.249712469382275
DefInd_s3_GIS_POOLED_AR1,DefInd,GIS,3,POOLED_AR1,raw,DE,34,.0435016671912444,.0854946692680166,-.5084233121906206,2.534896561984752,1.771255876222933,.4124550956713702,8,63.13280367852978,1.12796536812e-10,6.111930442966766,.0470772588518247
DefInd_s3_GIS_POOLED_AR1,DefInd,GIS,3,POOLED_AR1,raw,ES,44,.0036017413436724,.0656856982052779,.3948644939670873,1.794372698992396,3.80821661608376,.1489554057588665,8,99.29847142250821,5.93871654915e-18,3.16821534105998,.2051307556917173
DefInd_s3_GIS_POOLED_AR1,DefInd,GIS,3,POOLED_AR1,raw,IT,44,-.0050308445071448,.0545745804904462,-.2017107332256363,2.413313556606839,.9294080811675223,.6283210352012036,8,44.60493061440436,4.37197629100e-07,7.915254433660458,.019108400634455
