model,military,table,block,spec,method,term,b,se,z,p,N,years,R2,rho
DefGDP_s1_FRUK_FE_AR1,DefGDP,2,FRUK,1,FE_AR1,DefGDP,-.1942356147506295,.0170558389721098,-11.38821813856528,4.78678307227e-30,88,44,.9349912531936952,.6151542830336555
DefGDP_s1_FRUK_FE_AR1,DefGDP,2,FRUK,1,FE_AR1,Exportman_GDP,.004263583543611,.0053885058648276,.7912366898291183,.4288058849949127,88,44,.9349912531936952,.6151542830336555
DefGDP_s1_FRUK_FE_AR1,DefGDP,2,FRUK,1,FE_AR1,Importman_GDP,-.0054198459865347,.0049272095934787,-1.099982836879516,.27133960000968,88,44,.9349912531936952,.6151542830336555
DefGDP_s1_FRUK_FE_AR1,DefGDP,2,FRUK,1,FE_AR1,MInvGDP,-.0279251987231845,.0211682285443797,-1.319203383723807,.1871011273748533,88,44,.9349912531936952,.6151542830336555
DefGDP_s1_FRUK_FE_AR1,DefGDP,2,FRUK,1,FE_AR1,Log_CivGBARD,.3021430447554802,.0595302108575196,5.075457324998114,3.86565111917e-07,88,44,.9349912531936952,.6151542830336555
DefGDP_s1_FRUK_FE_AR1,DefGDP,2,FRUK,1,FE_AR1,D0910,-.0341974868164558,.0247037125520976,-1.384305567203178,.1662649100836111,88,44,.9349912531936952,.6151542830336555
DefGDP_s1_FRUK_FE_AR1,DefGDP,2,FRUK,1,FE_AR1,D20,-.0389855177157005,.0230837998103556,-1.688869165214788,.0912445055225062,88,44,.9349912531936952,.6151542830336555
DefGDP_s1_FRUK_FE_AR1,DefGDP,2,FRUK,1,FE_AR1,FE_UK,.187865479858811,.0371921804944524,5.051209081081797,4.39022193544e-07,88,44,.9349912531936952,.6151542830336555
DefGDP_s1_FRUK_FE_AR1,DefGDP,2,FRUK,1,FE_AR1,_cons,8.950157403918128,.6198696678276443,14.43877296865368,2.95048032977e-47,88,44,.9349912531936952,.6151542830336555
DefGDP_s2_FRUK_FE_AR1,DefGDP,2,FRUK,2,FE_AR1,DefGDP,-.1893311449053819,.0256303519794815,-7.386989654178445,1.50190279328e-13,88,44,.8724906974424521,.8184810172338295
DefGDP_s2_FRUK_FE_AR1,DefGDP,2,FRUK,2,FE_AR1,Exportman_GDP,.0009165757911604,.0058040117332078,.157921078263187,.8745189884265613,88,44,.8724906974424521,.8184810172338295
DefGDP_s2_FRUK_FE_AR1,DefGDP,2,FRUK,2,FE_AR1,Importman_GDP,-.0053420320098535,.0058555551924685,-.9123015383279883,.3616100047619036,88,44,.8724906974424521,.8184810172338295
DefGDP_s2_FRUK_FE_AR1,DefGDP,2,FRUK,2,FE_AR1,MInvGDP,-.0298701801252928,.0208961914447907,-1.42945570747722,.1528732967840259,88,44,.8724906974424521,.8184810172338295
DefGDP_s2_FRUK_FE_AR1,DefGDP,2,FRUK,2,FE_AR1,Log_DefGBARD,-.0535591415494616,.0267304064899434,-2.003678528780018,.0451045077276957,88,44,.8724906974424521,.8184810172338295
DefGDP_s2_FRUK_FE_AR1,DefGDP,2,FRUK,2,FE_AR1,D0910,-.0313207056594978,.0277878856477765,-1.127135258022191,.2596852982417859,88,44,.8724906974424521,.8184810172338295
DefGDP_s2_FRUK_FE_AR1,DefGDP,2,FRUK,2,FE_AR1,D20,-.0329463507426589,.0234391865940002,-1.405609815448638,.1598400197902632,88,44,.8724906974424521,.8184810172338295
DefGDP_s2_FRUK_FE_AR1,DefGDP,2,FRUK,2,FE_AR1,FE_UK,.1056595684770662,.0451380613520367,2.340808739059829,.0192420216366099,88,44,.8724906974424521,.8184810172338295
DefGDP_s2_FRUK_FE_AR1,DefGDP,2,FRUK,2,FE_AR1,_cons,12.29631714419363,.2048026931602847,60.03982152016999,0,88,44,.8724906974424521,.8184810172338295
DefGDP_s3_FRUK_FE_AR1,DefGDP,2,FRUK,3,FE_AR1,DefGDP,-.1851590397585388,.0191406040564736,-9.673625723213037,3.90300012950e-22,88,44,.9357236316567654,.6190642012054971
DefGDP_s3_FRUK_FE_AR1,DefGDP,2,FRUK,3,FE_AR1,Exportman_GDP,.0036932937194476,.0054180651813307,.6816628438088593,.4954521673232616,88,44,.9357236316567654,.6190642012054971
DefGDP_s3_FRUK_FE_AR1,DefGDP,2,FRUK,3,FE_AR1,Importman_GDP,-.005469007866712,.004992001064757,-1.095554226805479,.273273902365788,88,44,.9357236316567654,.6190642012054971
DefGDP_s3_FRUK_FE_AR1,DefGDP,2,FRUK,3,FE_AR1,MInvGDP,-.0266748397403753,.0208741071315369,-1.277891292417223,.2012877587510229,88,44,.9357236316567654,.6190642012054971
DefGDP_s3_FRUK_FE_AR1,DefGDP,2,FRUK,3,FE_AR1,Log_CivGBARD,.2754722629023764,.0611143373670605,4.507489973226003,6.55990296576e-06,88,44,.9357236316567654,.6190642012054971
DefGDP_s3_FRUK_FE_AR1,DefGDP,2,FRUK,3,FE_AR1,Log_DefGBARD,-.0275770631696886,.0225115690310027,-1.225017373587322,.220568674620827,88,44,.9357236316567654,.6190642012054971
DefGDP_s3_FRUK_FE_AR1,DefGDP,2,FRUK,3,FE_AR1,D0910,-.0289363070313943,.0254403531510978,-1.13741766317209,.2553637268037878,88,44,.9357236316567654,.6190642012054971
DefGDP_s3_FRUK_FE_AR1,DefGDP,2,FRUK,3,FE_AR1,D20,-.0395541709186134,.0231191213922073,-1.710885558650419,.0871022410243685,88,44,.9357236316567654,.6190642012054971
DefGDP_s3_FRUK_FE_AR1,DefGDP,2,FRUK,3,FE_AR1,FE_UK,.1818847940589155,.0369957486628575,4.916370140700018,8.81636331437e-07,88,44,.9357236316567654,.6190642012054971
DefGDP_s3_FRUK_FE_AR1,DefGDP,2,FRUK,3,FE_AR1,_cons,9.409397369523095,.6881354665208436,13.67375731568703,1.45674691346e-42,88,44,.9357236316567654,.6190642012054971
DefGDP_s1_GIS_FE_AR1,DefGDP,2,GIS,1,FE_AR1,DefGDP,-.0664817000812707,.0281805532578039,-2.35913395571325,.0183176422248871,118,44,.8115542232480386,.8217568275121669
DefGDP_s1_GIS_FE_AR1,DefGDP,2,GIS,1,FE_AR1,Exportman_GDP,.0156198471886364,.0027756102772031,5.627536155535597,1.82801855331e-08,118,44,.8115542232480386,.8217568275121669
DefGDP_s1_GIS_FE_AR1,DefGDP,2,GIS,1,FE_AR1,Importman_GDP,-.0081766493823803,.0030479795231006,-2.682645772522237,.0073042311194411,118,44,.8115542232480386,.8217568275121669
DefGDP_s1_GIS_FE_AR1,DefGDP,2,GIS,1,FE_AR1,MInvGDP,.0153242017001344,.0131408831698521,1.166147016304902,.2435550101704079,118,44,.8115542232480386,.8217568275121669
DefGDP_s1_GIS_FE_AR1,DefGDP,2,GIS,1,FE_AR1,Log_CivGBARD,.0473113282146955,.0287963701997817,1.642961522110668,.1003908946183098,118,44,.8115542232480386,.8217568275121669
DefGDP_s1_GIS_FE_AR1,DefGDP,2,GIS,1,FE_AR1,D0910,-.0309234822201199,.0219082914139387,-1.41149675416703,.1580981920095937,118,44,.8115542232480386,.8217568275121669
DefGDP_s1_GIS_FE_AR1,DefGDP,2,GIS,1,FE_AR1,D20,-.0168723811113802,.019114790885625,-.882687192987753,.3774053036162195,118,44,.8115542232480386,.8217568275121669
DefGDP_s1_GIS_FE_AR1,DefGDP,2,GIS,1,FE_AR1,FE_ES,-.0631324884157951,.0671772274970937,-.9397900265908763,.3473252756102915,118,44,.8115542232480386,.8217568275121669
DefGDP_s1_GIS_FE_AR1,DefGDP,2,GIS,1,FE_AR1,FE_IT,-.0674302362808263,.0395656099921884,-1.704263786003536,.0883318173044189,118,44,.8115542232480386,.8217568275121669
DefGDP_s1_GIS_FE_AR1,DefGDP,2,GIS,1,FE_AR1,_cons,10.63092221070239,.3115978687010491,34.11744199348755,4.0666405998e-255,118,44,.8115542232480386,.8217568275121669
DefGDP_s2_GIS_FE_AR1,DefGDP,2,GIS,2,FE_AR1,DefGDP,-.0727947118908529,.0276309079603569,-2.634539262889739,.0084251559077739,118,44,.8050127915218739,.8094030762174953
DefGDP_s2_GIS_FE_AR1,DefGDP,2,GIS,2,FE_AR1,Exportman_GDP,.0164942319946829,.0027490356843593,6.000006507200751,1.97309621764e-09,118,44,.8050127915218739,.8094030762174953
DefGDP_s2_GIS_FE_AR1,DefGDP,2,GIS,2,FE_AR1,Importman_GDP,-.0085775801179681,.0030489522142991,-2.81328781662782,.0049037737387752,118,44,.8050127915218739,.8094030762174953
DefGDP_s2_GIS_FE_AR1,DefGDP,2,GIS,2,FE_AR1,MInvGDP,.0138328032563435,.0132076507095976,1.04733260747815,.2949462020927239,118,44,.8050127915218739,.8094030762174953
DefGDP_s2_GIS_FE_AR1,DefGDP,2,GIS,2,FE_AR1,Log_DefGBARD,-.0048251126178493,.0070109783336984,-.6882224403201085,.4913127146366756,118,44,.8050127915218739,.8094030762174953
DefGDP_s2_GIS_FE_AR1,DefGDP,2,GIS,2,FE_AR1,D0910,-.0276182398136412,.0218234846065108,-1.265528411782672,.2056819701784426,118,44,.8050127915218739,.8094030762174953
DefGDP_s2_GIS_FE_AR1,DefGDP,2,GIS,2,FE_AR1,D20,-.0145283091183301,.0193668155450443,-.7501650999122415,.4531552753829901,118,44,.8050127915218739,.8094030762174953
DefGDP_s2_GIS_FE_AR1,DefGDP,2,GIS,2,FE_AR1,FE_ES,-.1510708260909572,.046894853580503,-3.221479854534961,.0012753042769176,118,44,.8050127915218739,.8094030762174953
DefGDP_s2_GIS_FE_AR1,DefGDP,2,GIS,2,FE_AR1,FE_IT,-.1191780935657386,.0351902913036307,-3.38667539115945,.0007074503977348,118,44,.8050127915218739,.8094030762174953
DefGDP_s2_GIS_FE_AR1,DefGDP,2,GIS,2,FE_AR1,_cons,11.15076662924961,.1074890439376118,103.7386343832557,0,118,44,.8050127915218739,.8094030762174953
DefGDP_s3_GIS_FE_AR1,DefGDP,2,GIS,3,FE_AR1,DefGDP,-.0646531532571211,.0278153998079619,-2.324365412810453,.0201059176607533,118,44,.8238419885929236,.7897028266292367
DefGDP_s3_GIS_FE_AR1,DefGDP,2,GIS,3,FE_AR1,Exportman_GDP,.0157026934016638,.0027048246710095,5.805438544674028,6.41977489388e-09,118,44,.8238419885929236,.7897028266292367
DefGDP_s3_GIS_FE_AR1,DefGDP,2,GIS,3,FE_AR1,Importman_GDP,-.0085582516761552,.0029661148778109,-2.885340598295238,.0039099040515004,118,44,.8238419885929236,.7897028266292367
DefGDP_s3_GIS_FE_AR1,DefGDP,2,GIS,3,FE_AR1,MInvGDP,.0153185373106027,.0131830242869955,1.161989614607157,.2452396834889557,118,44,.8238419885929236,.7897028266292367
DefGDP_s3_GIS_FE_AR1,DefGDP,2,GIS,3,FE_AR1,Log_CivGBARD,.0533480555618054,.0281985074536177,1.89187515153257,.0585076172455533,118,44,.8238419885929236,.7897028266292367
DefGDP_s3_GIS_FE_AR1,DefGDP,2,GIS,3,FE_AR1,Log_DefGBARD,-.0071720982760779,.0070529635104089,-1.016891447898908,.3092050721505079,118,44,.8238419885929236,.7897028266292367
DefGDP_s3_GIS_FE_AR1,DefGDP,2,GIS,3,FE_AR1,D0910,-.0339615862379949,.0220823702146187,-1.537950224904396,.1240607855836684,118,44,.8238419885929236,.7897028266292367
DefGDP_s3_GIS_FE_AR1,DefGDP,2,GIS,3,FE_AR1,D20,-.018510582653951,.0194998918933908,-.9492659115830766,.3424853862981999,118,44,.8238419885929236,.7897028266292367
DefGDP_s3_GIS_FE_AR1,DefGDP,2,GIS,3,FE_AR1,FE_ES,-.0681646135031654,.0633768889454875,-1.07554369798423,.282131379046917,118,44,.8238419885929236,.7897028266292367
DefGDP_s3_GIS_FE_AR1,DefGDP,2,GIS,3,FE_AR1,FE_IT,-.075612366230789,.0380863937640969,-1.985285524776225,.0471127135964649,118,44,.8238419885929236,.7897028266292367
DefGDP_s3_GIS_FE_AR1,DefGDP,2,GIS,3,FE_AR1,_cons,10.62578219333425,.3004279915536275,35.3688154635135,5.1517794008e-274,118,44,.8238419885929236,.7897028266292367
DefGDP_s1_FRUK_POOLED_AR1,DefGDP,2,FRUK,1,POOLED_AR1,DefGDP,-.1978402702981275,.0222404279465553,-8.895524437458935,5.81440604381e-19,88,44,.8630449850669888,.7860525595216481
DefGDP_s1_FRUK_POOLED_AR1,DefGDP,2,FRUK,1,POOLED_AR1,Exportman_GDP,-.0080330956881579,.0055751031830845,-1.440887356584044,.1496165085658095,88,44,.8630449850669888,.7860525595216481
DefGDP_s1_FRUK_POOLED_AR1,DefGDP,2,FRUK,1,POOLED_AR1,Importman_GDP,-.000551538475003,.0058568953808115,-.0941690843258011,.9249748427490739,88,44,.8630449850669888,.7860525595216481
DefGDP_s1_FRUK_POOLED_AR1,DefGDP,2,FRUK,1,POOLED_AR1,MInvGDP,-.0399481794897748,.0202026007157386,-1.977378063936768,.0479989116238546,88,44,.8630449850669888,.7860525595216481
DefGDP_s1_FRUK_POOLED_AR1,DefGDP,2,FRUK,1,POOLED_AR1,Log_CivGBARD,.1200120666739236,.0617891550707924,1.942283666711816,.0521027692103334,88,44,.8630449850669888,.7860525595216481
DefGDP_s1_FRUK_POOLED_AR1,DefGDP,2,FRUK,1,POOLED_AR1,D0910,-.047923009278104,.0255910089560522,-1.872650248390085,.061116697713577,88,44,.8630449850669888,.7860525595216481
DefGDP_s1_FRUK_POOLED_AR1,DefGDP,2,FRUK,1,POOLED_AR1,D20,-.0429292684902901,.0228017632043678,-1.882717055936562,.0597387227640263,88,44,.8630449850669888,.7860525595216481
DefGDP_s1_FRUK_POOLED_AR1,DefGDP,2,FRUK,1,POOLED_AR1,_cons,10.8561488158054,.6207368026293806,17.48913351007998,1.73373266510e-68,88,44,.8630449850669888,.7860525595216481
DefGDP_s2_FRUK_POOLED_AR1,DefGDP,2,FRUK,2,POOLED_AR1,DefGDP,-.1894742560224335,.0251946041313064,-7.520429971233256,5.45963906535e-14,88,44,.8581047902134431,.8087141267360572
DefGDP_s2_FRUK_POOLED_AR1,DefGDP,2,FRUK,2,POOLED_AR1,Exportman_GDP,-.0067797210277819,.0054798011912571,-1.237220255106855,.2160053237526103,88,44,.8581047902134431,.8087141267360572
DefGDP_s2_FRUK_POOLED_AR1,DefGDP,2,FRUK,2,POOLED_AR1,Importman_GDP,-.0015013577905546,.0059654403988295,-.2516759350825405,.801291559392597,88,44,.8581047902134431,.8087141267360572
DefGDP_s2_FRUK_POOLED_AR1,DefGDP,2,FRUK,2,POOLED_AR1,MInvGDP,-.0375494986232338,.0203068255906928,-1.849107259799569,.0644423263074151,88,44,.8581047902134431,.8087141267360572
DefGDP_s2_FRUK_POOLED_AR1,DefGDP,2,FRUK,2,POOLED_AR1,Log_DefGBARD,-.0495183701133639,.027137026868123,-1.824752960374285,.0680383172934822,88,44,.8581047902134431,.8087141267360572
DefGDP_s2_FRUK_POOLED_AR1,DefGDP,2,FRUK,2,POOLED_AR1,D0910,-.0374495028095705,.0278611648506279,-1.344147059548608,.1789008370155943,88,44,.8581047902134431,.8087141267360572
DefGDP_s2_FRUK_POOLED_AR1,DefGDP,2,FRUK,2,POOLED_AR1,D20,-.038160836066187,.0236038128806545,-1.616723376817788,.1059380055109834,88,44,.8581047902134431,.8087141267360572
DefGDP_s2_FRUK_POOLED_AR1,DefGDP,2,FRUK,2,POOLED_AR1,_cons,12.36369359100128,.2069330308810659,59.74731795286601,0,88,44,.8581047902134431,.8087141267360572
DefGDP_s3_FRUK_POOLED_AR1,DefGDP,2,FRUK,3,POOLED_AR1,DefGDP,-.1868998175037049,.0241602294535238,-7.735846129410221,1.02717634797e-14,88,44,.8720641597555638,.7814481015083667
DefGDP_s3_FRUK_POOLED_AR1,DefGDP,2,FRUK,3,POOLED_AR1,Exportman_GDP,-.0084131726278505,.0054899397052715,-1.532470861159369,.1254062828081189,88,44,.8720641597555638,.7814481015083667
DefGDP_s3_FRUK_POOLED_AR1,DefGDP,2,FRUK,3,POOLED_AR1,Importman_GDP,-.0003832449078975,.0058770364472277,-.0652105719164475,.948006343874688,88,44,.8720641597555638,.7814481015083667
DefGDP_s3_FRUK_POOLED_AR1,DefGDP,2,FRUK,3,POOLED_AR1,MInvGDP,-.039914849841634,.0199297342527394,-2.002778829634805,.0452010331679054,88,44,.8720641597555638,.7814481015083667
DefGDP_s3_FRUK_POOLED_AR1,DefGDP,2,FRUK,3,POOLED_AR1,Log_CivGBARD,.0897884546103575,.0636509469495943,1.410638158792228,.158351334051919,88,44,.8720641597555638,.7814481015083667
DefGDP_s3_FRUK_POOLED_AR1,DefGDP,2,FRUK,3,POOLED_AR1,Log_DefGBARD,-.0380376820627028,.0275928672373516,-1.378533145377962,.1680387416061618,88,44,.8720641597555638,.7814481015083667
DefGDP_s3_FRUK_POOLED_AR1,DefGDP,2,FRUK,3,POOLED_AR1,D0910,-.0396133474679653,.0269198835791468,-1.471527443701552,.1411485313004663,88,44,.8720641597555638,.7814481015083667
DefGDP_s3_FRUK_POOLED_AR1,DefGDP,2,FRUK,3,POOLED_AR1,D20,-.041855173199702,.0231617297065827,-1.807083224350319,.0707493038829772,88,44,.8720641597555638,.7814481015083667
DefGDP_s3_FRUK_POOLED_AR1,DefGDP,2,FRUK,3,POOLED_AR1,_cons,11.42469107419073,.71618271639494,15.95220159975289,2.75027894600e-57,88,44,.8720641597555638,.7814481015083667
DefGDP_s1_GIS_POOLED_AR1,DefGDP,2,GIS,1,POOLED_AR1,DefGDP,-.066366428469024,.0266176090460832,-2.493327945200619,.0126551900871347,118,44,.8060084170429058,.8241269146035066
DefGDP_s1_GIS_POOLED_AR1,DefGDP,2,GIS,1,POOLED_AR1,Exportman_GDP,.0155779048206007,.0026983498596823,5.773122697452819,7.78157342149e-09,118,44,.8060084170429058,.8241269146035066
DefGDP_s1_GIS_POOLED_AR1,DefGDP,2,GIS,1,POOLED_AR1,Importman_GDP,-.0084215118866379,.0029251474674927,-2.879004214394805,.0039893300302601,118,44,.8060084170429058,.8241269146035066
DefGDP_s1_GIS_POOLED_AR1,DefGDP,2,GIS,1,POOLED_AR1,MInvGDP,.0171160819942042,.0118220051437185,1.44781547513525,.1476686636377044,118,44,.8060084170429058,.8241269146035066
DefGDP_s1_GIS_POOLED_AR1,DefGDP,2,GIS,1,POOLED_AR1,Log_CivGBARD,.0710418130552509,.0200851732186175,3.53702765129256,.000404657297624,118,44,.8060084170429058,.8241269146035066
DefGDP_s1_GIS_POOLED_AR1,DefGDP,2,GIS,1,POOLED_AR1,D0910,-.0327607021140212,.0216714560306645,-1.511698248039532,.1306106445320035,118,44,.8060084170429058,.8241269146035066
DefGDP_s1_GIS_POOLED_AR1,DefGDP,2,GIS,1,POOLED_AR1,D20,-.0179245027127313,.0188912611353446,-.9488250987751944,.3427095743629782,118,44,.8060084170429058,.8241269146035066
DefGDP_s1_GIS_POOLED_AR1,DefGDP,2,GIS,1,POOLED_AR1,_cons,10.3642755181607,.1681796793576287,61.62620572085522,0,118,44,.8060084170429058,.8241269146035066
DefGDP_s2_GIS_POOLED_AR1,DefGDP,2,GIS,2,POOLED_AR1,DefGDP,-.0659035005948496,.0284426956052128,-2.317062401876258,.0205003327467211,118,44,.6842204379152659,.8732671019691768
DefGDP_s2_GIS_POOLED_AR1,DefGDP,2,GIS,2,POOLED_AR1,Exportman_GDP,.0174887327869187,.0026830581847822,6.518208545051852,7.11520252822e-11,118,44,.6842204379152659,.8732671019691768
DefGDP_s2_GIS_POOLED_AR1,DefGDP,2,GIS,2,POOLED_AR1,Importman_GDP,-.0093148178672752,.0030729312178873,-3.031248409679458,.0024354479060709,118,44,.6842204379152659,.8732671019691768
DefGDP_s2_GIS_POOLED_AR1,DefGDP,2,GIS,2,POOLED_AR1,MInvGDP,.0243655728828278,.0124045042387417,1.964252050213291,.0495008693360585,118,44,.6842204379152659,.8732671019691768
DefGDP_s2_GIS_POOLED_AR1,DefGDP,2,GIS,2,POOLED_AR1,Log_DefGBARD,.0034755426160079,.0065145401380718,.5335054420336366,.5936837449035319,118,44,.6842204379152659,.8732671019691768
DefGDP_s2_GIS_POOLED_AR1,DefGDP,2,GIS,2,POOLED_AR1,D0910,-.0224328715746089,.0214395370688442,-1.046331900850987,.2954078218074269,118,44,.6842204379152659,.8732671019691768
DefGDP_s2_GIS_POOLED_AR1,DefGDP,2,GIS,2,POOLED_AR1,D20,-.0130861838555293,.0188465782287399,-.6943533036449911,.487460670527974,118,44,.6842204379152659,.8732671019691768
DefGDP_s2_GIS_POOLED_AR1,DefGDP,2,GIS,2,POOLED_AR1,_cons,10.94958514875889,.0800696169531641,136.7508121734082,0,118,44,.6842204379152659,.8732671019691768
DefGDP_s3_GIS_POOLED_AR1,DefGDP,2,GIS,3,POOLED_AR1,DefGDP,-.0663827903567394,.0266158997579201,-2.494102809242279,.0126275963682422,118,44,.8074944123405559,.8261379117362354
DefGDP_s3_GIS_POOLED_AR1,DefGDP,2,GIS,3,POOLED_AR1,Exportman_GDP,.0154675399262035,.0027200512757432,5.686488362973041,1.29678218112e-08,118,44,.8074944123405559,.8261379117362354
DefGDP_s3_GIS_POOLED_AR1,DefGDP,2,GIS,3,POOLED_AR1,Importman_GDP,-.0084298757901417,.002918366401904,-2.888559772563818,.00387010467306,118,44,.8074944123405559,.8261379117362354
DefGDP_s3_GIS_POOLED_AR1,DefGDP,2,GIS,3,POOLED_AR1,MInvGDP,.0176570560390722,.0118496106700993,1.490095879996044,.1361990273491245,118,44,.8074944123405559,.8261379117362354
DefGDP_s3_GIS_POOLED_AR1,DefGDP,2,GIS,3,POOLED_AR1,Log_CivGBARD,.0731778298691195,.0215954610936322,3.38857455054282,.0007025692743869,118,44,.8074944123405559,.8261379117362354
DefGDP_s3_GIS_POOLED_AR1,DefGDP,2,GIS,3,POOLED_AR1,Log_DefGBARD,-.0025965129909691,.0066437676685811,-.3908193543925753,.6959307677847308,118,44,.8074944123405559,.8261379117362354
DefGDP_s3_GIS_POOLED_AR1,DefGDP,2,GIS,3,POOLED_AR1,D0910,-.0335318986285417,.0217634261954812,-1.540745392171022,.1233787645598154,118,44,.8074944123405559,.8261379117362354
DefGDP_s3_GIS_POOLED_AR1,DefGDP,2,GIS,3,POOLED_AR1,D20,-.0187410276278483,.0190092831090412,-.9858881852801015,.3241879851753299,118,44,.8074944123405559,.8261379117362354
DefGDP_s3_GIS_POOLED_AR1,DefGDP,2,GIS,3,POOLED_AR1,_cons,10.36046207146766,.1708209167882661,60.65101549776565,0,118,44,.8074944123405559,.8261379117362354
DefInd_s1_FRUK_FE_AR1,DefInd,3,FRUK,1,FE_AR1,DefInd,.0541532373996006,.0152636224755737,3.54786273614024,.0003883705636639,88,44,.7535708432146223,.694862849698846
DefInd_s1_FRUK_FE_AR1,DefInd,3,FRUK,1,FE_AR1,Exportman_GDP,.0108253287175297,.0084085962540261,1.287412118562177,.1979506826312143,88,44,.7535708432146223,.694862849698846
DefInd_s1_FRUK_FE_AR1,DefInd,3,FRUK,1,FE_AR1,Importman_GDP,.0009628206369405,.0087311650134748,.1102740167497186,.9121920632000654,88,44,.7535708432146223,.694862849698846
DefInd_s1_FRUK_FE_AR1,DefInd,3,FRUK,1,FE_AR1,MInvGDP,-.054691383219115,.0308392549343564,-1.773433999476627,.0761568193472794,88,44,.7535708432146223,.694862849698846
DefInd_s1_FRUK_FE_AR1,DefInd,3,FRUK,1,FE_AR1,Log_CivGBARD,.5373606400577656,.0843442671680475,6.371039290520227,1.87751531351e-10,88,44,.7535708432146223,.694862849698846
DefInd_s1_FRUK_FE_AR1,DefInd,3,FRUK,1,FE_AR1,D0910,-.0049808705788884,.0422243760288775,-.1179619700118712,.9060977909732311,88,44,.7535708432146223,.694862849698846
DefInd_s1_FRUK_FE_AR1,DefInd,3,FRUK,1,FE_AR1,D20,-.0558756504104209,.0392523965586666,-1.423496532929122,.1545922664684193,88,44,.7535708432146223,.694862849698846
DefInd_s1_FRUK_FE_AR1,DefInd,3,FRUK,1,FE_AR1,FE_UK,.2490861678455376,.0547508979711362,4.549444430607362,5.37877353130e-06,88,44,.7535708432146223,.694862849698846
DefInd_s1_FRUK_FE_AR1,DefInd,3,FRUK,1,FE_AR1,_cons,5.561904247755004,.8585655044110395,6.478136169202804,9.28625322513e-11,88,44,.7535708432146223,.694862849698846
DefInd_s2_FRUK_FE_AR1,DefInd,3,FRUK,2,FE_AR1,DefInd,.0313379415785474,.0157003369387426,1.996004397919449,.0459334440927966,88,44,.6312861290888609,.777556115130163
DefInd_s2_FRUK_FE_AR1,DefInd,3,FRUK,2,FE_AR1,Exportman_GDP,.0007494875481529,.0082173466919841,.0912079745745669,.927327338573297,88,44,.6312861290888609,.777556115130163
DefInd_s2_FRUK_FE_AR1,DefInd,3,FRUK,2,FE_AR1,Importman_GDP,.0006109744603791,.0089550212608632,.0682270251048175,.9456049141679375,88,44,.6312861290888609,.777556115130163
DefInd_s2_FRUK_FE_AR1,DefInd,3,FRUK,2,FE_AR1,MInvGDP,-.057312841896553,.0285537237285837,-2.007193262824071,.0447290887129296,88,44,.6312861290888609,.777556115130163
DefInd_s2_FRUK_FE_AR1,DefInd,3,FRUK,2,FE_AR1,Log_DefGBARD,-.1604701219595228,.0347346593871815,-4.619884714307661,3.83953325680e-06,88,44,.6312861290888609,.777556115130163
DefInd_s2_FRUK_FE_AR1,DefInd,3,FRUK,2,FE_AR1,D0910,.0085293489965294,.0422489651892694,.2018830273905901,.8400081710609778,88,44,.6312861290888609,.777556115130163
DefInd_s2_FRUK_FE_AR1,DefInd,3,FRUK,2,FE_AR1,D20,-.0441829377542613,.0376479384909853,-1.173581861988027,.240562549793645,88,44,.6312861290888609,.777556115130163
DefInd_s2_FRUK_FE_AR1,DefInd,3,FRUK,2,FE_AR1,FE_UK,.0905372804168601,.0475367878383614,1.904572953576766,.0568356051141198,88,44,.6312861290888609,.777556115130163
DefInd_s2_FRUK_FE_AR1,DefInd,3,FRUK,2,FE_AR1,_cons,12.34534206141138,.3861837680334145,31.96753225615428,3.0833395170e-224,88,44,.6312861290888609,.777556115130163
DefInd_s3_FRUK_FE_AR1,DefInd,3,FRUK,3,FE_AR1,DefInd,.0326761481053568,.015780196853354,2.070705987321806,.0383862803713427,88,44,.7766038827131806,.7169405517056756
DefInd_s3_FRUK_FE_AR1,DefInd,3,FRUK,3,FE_AR1,Exportman_GDP,.0081978162520178,.0081080207075654,1.011074903196607,.3119805811082615,88,44,.7766038827131806,.7169405517056756
DefInd_s3_FRUK_FE_AR1,DefInd,3,FRUK,3,FE_AR1,Importman_GDP,-.0007770368382613,.0083778417706333,-.0927490467753978,.9261029312190281,88,44,.7766038827131806,.7169405517056756
DefInd_s3_FRUK_FE_AR1,DefInd,3,FRUK,3,FE_AR1,MInvGDP,-.0500777374375245,.0285449229230035,-1.754348315201383,.0793708417039952,88,44,.7766038827131806,.7169405517056756
DefInd_s3_FRUK_FE_AR1,DefInd,3,FRUK,3,FE_AR1,Log_CivGBARD,.3848734867248789,.0872236902787282,4.412488000622242,.0000102189459872,88,44,.7766038827131806,.7169405517056756
DefInd_s3_FRUK_FE_AR1,DefInd,3,FRUK,3,FE_AR1,Log_DefGBARD,-.1076623422772835,.0347147231074441,-3.101345269096984,.0019264352297645,88,44,.7766038827131806,.7169405517056756
DefInd_s3_FRUK_FE_AR1,DefInd,3,FRUK,3,FE_AR1,D0910,.0096252745802123,.0402271315749136,.239273202025044,.8108937436401855,88,44,.7766038827131806,.7169405517056756
DefInd_s3_FRUK_FE_AR1,DefInd,3,FRUK,3,FE_AR1,D20,-.0513356085406438,.0367115199556593,-1.398351487561606,.1620075435186879,88,44,.7766038827131806,.7169405517056756
DefInd_s3_FRUK_FE_AR1,DefInd,3,FRUK,3,FE_AR1,FE_UK,.2111966818700103,.0532250351040619,3.967995163499533,.0000724798045185,88,44,.7766038827131806,.7169405517056756
DefInd_s3_FRUK_FE_AR1,DefInd,3,FRUK,3,FE_AR1,_cons,8.143298746106785,1.074900245942037,7.575864622646948,3.56743663354e-14,88,44,.7766038827131806,.7169405517056756
DefInd_s1_GIS_FE_AR1,DefInd,3,GIS,1,FE_AR1,DefInd,-.0381011827059381,.0159241942151547,-2.392660010996225,.0167267327848578,122,44,.8195790447290878,.8226274425729374
DefInd_s1_GIS_FE_AR1,DefInd,3,GIS,1,FE_AR1,Exportman_GDP,.0165419641133831,.002807470272983,5.892124405579926,3.81261960215e-09,122,44,.8195790447290878,.8226274425729374
DefInd_s1_GIS_FE_AR1,DefInd,3,GIS,1,FE_AR1,Importman_GDP,-.0083873441379307,.0028898228809076,-2.902373080836137,.0037034719364117,122,44,.8195790447290878,.8226274425729374
DefInd_s1_GIS_FE_AR1,DefInd,3,GIS,1,FE_AR1,MInvGDP,.0140420512650479,.0125749898450521,1.116665018268229,.2641375803258256,122,44,.8195790447290878,.8226274425729374
DefInd_s1_GIS_FE_AR1,DefInd,3,GIS,1,FE_AR1,Log_CivGBARD,.0982009376785637,.0254106541020502,3.864557649094143,.0001112907037542,122,44,.8195790447290878,.8226274425729374
DefInd_s1_GIS_FE_AR1,DefInd,3,GIS,1,FE_AR1,D0910,-.0346810725736287,.0221844043233756,-1.563308713098302,.1179799998809421,122,44,.8195790447290878,.8226274425729374
DefInd_s1_GIS_FE_AR1,DefInd,3,GIS,1,FE_AR1,D20,-.0231460403729232,.0195783405027219,-1.182226878202742,.2371156903988448,122,44,.8195790447290878,.8226274425729374
DefInd_s1_GIS_FE_AR1,DefInd,3,GIS,1,FE_AR1,FE_ES,-.0632509795760026,.0673074827135204,-.9397317657119428,.3473551668130262,122,44,.8195790447290878,.8226274425729374
DefInd_s1_GIS_FE_AR1,DefInd,3,GIS,1,FE_AR1,FE_IT,-.0561766394160957,.0366427357415652,-1.533090755349156,.1252534951705149,122,44,.8195790447290878,.8226274425729374
DefInd_s1_GIS_FE_AR1,DefInd,3,GIS,1,FE_AR1,_cons,10.30172471746648,.2591966268362155,39.74482555274945,0,122,44,.8195790447290878,.8226274425729374
DefInd_s2_GIS_FE_AR1,DefInd,3,GIS,2,FE_AR1,DefInd,-.0201237568135371,.0162508623156532,-1.23831932254779,.2155976819038131,122,44,.7847149239996437,.8004452847386184
DefInd_s2_GIS_FE_AR1,DefInd,3,GIS,2,FE_AR1,Exportman_GDP,.0189869381592702,.0028691693011051,6.617573299685295,3.65143177188e-11,122,44,.7847149239996437,.8004452847386184
DefInd_s2_GIS_FE_AR1,DefInd,3,GIS,2,FE_AR1,Importman_GDP,-.0096694383242803,.0031010493875789,-3.118118132207383,.0018200983439742,122,44,.7847149239996437,.8004452847386184
DefInd_s2_GIS_FE_AR1,DefInd,3,GIS,2,FE_AR1,MInvGDP,.0090302877706911,.0133857329978577,.6746203418323339,.4999170057302912,122,44,.7847149239996437,.8004452847386184
DefInd_s2_GIS_FE_AR1,DefInd,3,GIS,2,FE_AR1,Log_DefGBARD,-.0032284459427399,.0071149472785596,-.4537554273196882,.6500048681040356,122,44,.7847149239996437,.8004452847386184
DefInd_s2_GIS_FE_AR1,DefInd,3,GIS,2,FE_AR1,D0910,-.0263616040898064,.0238054782793873,-1.107375528456923,.2681316017022259,122,44,.7847149239996437,.8004452847386184
DefInd_s2_GIS_FE_AR1,DefInd,3,GIS,2,FE_AR1,D20,-.0169226668960813,.0214203411890317,-.7900278873590769,.4295114820781752,122,44,.7847149239996437,.8004452847386184
DefInd_s2_GIS_FE_AR1,DefInd,3,GIS,2,FE_AR1,FE_ES,-.1883183217695242,.0580766064177737,-3.242584809705609,.0011845068830382,122,44,.7847149239996437,.8004452847386184
DefInd_s2_GIS_FE_AR1,DefInd,3,GIS,2,FE_AR1,FE_IT,-.1349066283505613,.034415749933546,-3.919909594039209,.0000885821919206,122,44,.7847149239996437,.8004452847386184
DefInd_s2_GIS_FE_AR1,DefInd,3,GIS,2,FE_AR1,_cons,11.16818891840507,.148173911119652,75.37216797487814,0,122,44,.7847149239996437,.8004452847386184
DefInd_s3_GIS_FE_AR1,DefInd,3,GIS,3,FE_AR1,DefInd,-.0393472985533584,.0161092304831374,-2.442531230436235,.0145846676624346,122,44,.8418239461415954,.7673898059721674
DefInd_s3_GIS_FE_AR1,DefInd,3,GIS,3,FE_AR1,Exportman_GDP,.0167651980965911,.0026951096877632,6.220599544690616,4.95258731357e-10,122,44,.8418239461415954,.7673898059721674
DefInd_s3_GIS_FE_AR1,DefInd,3,GIS,3,FE_AR1,Importman_GDP,-.0087609091255165,.0027811528332226,-3.150099850990589,.0016321466944645,122,44,.8418239461415954,.7673898059721674
DefInd_s3_GIS_FE_AR1,DefInd,3,GIS,3,FE_AR1,MInvGDP,.0132596921461845,.0125595708396793,1.055744046945721,.2910851675917057,122,44,.8418239461415954,.7673898059721674
DefInd_s3_GIS_FE_AR1,DefInd,3,GIS,3,FE_AR1,Log_CivGBARD,.1092157339925206,.0239551184059373,4.559181555347746,5.13533617467e-06,122,44,.8418239461415954,.7673898059721674
DefInd_s3_GIS_FE_AR1,DefInd,3,GIS,3,FE_AR1,Log_DefGBARD,-.00972753421724,.006832075731167,-1.423803628648952,.1545033250115692,122,44,.8418239461415954,.7673898059721674
DefInd_s3_GIS_FE_AR1,DefInd,3,GIS,3,FE_AR1,D0910,-.0379054386456935,.0225886336211691,-1.678075765068416,.0933323091747979,122,44,.8418239461415954,.7673898059721674
DefInd_s3_GIS_FE_AR1,DefInd,3,GIS,3,FE_AR1,D20,-.0246999021672589,.0202577817998815,-1.21927970254884,.2227380497897693,122,44,.8418239461415954,.7673898059721674
DefInd_s3_GIS_FE_AR1,DefInd,3,GIS,3,FE_AR1,FE_ES,-.067722895442588,.0597648829657255,-1.13315532603697,.2571490309428059,122,44,.8418239461415954,.7673898059721674
DefInd_s3_GIS_FE_AR1,DefInd,3,GIS,3,FE_AR1,FE_IT,-.0672683486109126,.0328774682771203,-2.04603189162607,.0407532330638819,122,44,.8418239461415954,.7673898059721674
DefInd_s3_GIS_FE_AR1,DefInd,3,GIS,3,FE_AR1,_cons,10.28054671697782,.2323784752382239,44.24052919031624,0,122,44,.8418239461415954,.7673898059721674
DefInd_s1_FRUK_POOLED_AR1,DefInd,3,FRUK,1,POOLED_AR1,DefInd,.0463808450785769,.0161671209039396,2.868837646118852,.0041198321082653,88,44,.5882391650643835,.7581304226208062
DefInd_s1_FRUK_POOLED_AR1,DefInd,3,FRUK,1,POOLED_AR1,Exportman_GDP,-.0088454473607289,.0075536148275164,-1.171021764110414,.2415900290413808,88,44,.5882391650643835,.7581304226208062
DefInd_s1_FRUK_POOLED_AR1,DefInd,3,FRUK,1,POOLED_AR1,Importman_GDP,.0087726322640513,.009212255805736,.9522784048820009,.3409558068349562,88,44,.5882391650643835,.7581304226208062
DefInd_s1_FRUK_POOLED_AR1,DefInd,3,FRUK,1,POOLED_AR1,MInvGDP,-.0701741533505351,.0280401042516031,-2.502635251312347,.0123272514523786,88,44,.5882391650643835,.7581304226208062
DefInd_s1_FRUK_POOLED_AR1,DefInd,3,FRUK,1,POOLED_AR1,Log_CivGBARD,.348014023176431,.0769128589471396,4.524783344949024,6.04574065084e-06,88,44,.5882391650643835,.7581304226208062
DefInd_s1_FRUK_POOLED_AR1,DefInd,3,FRUK,1,POOLED_AR1,D0910,-.0234930625208828,.0422439149914839,-.5561289129006838,.5781227310472563,88,44,.5882391650643835,.7581304226208062
DefInd_s1_FRUK_POOLED_AR1,DefInd,3,FRUK,1,POOLED_AR1,D20,-.0646065684451959,.038559172964331,-1.675517483348511,.0938327437097315,88,44,.5882391650643835,.7581304226208062
DefInd_s1_FRUK_POOLED_AR1,DefInd,3,FRUK,1,POOLED_AR1,_cons,7.675065966309355,.7493200252098546,10.24270766573985,1.27614030099e-24,88,44,.5882391650643835,.7581304226208062
DefInd_s2_FRUK_POOLED_AR1,DefInd,3,FRUK,2,POOLED_AR1,DefInd,.0292163720021442,.0160258935151696,1.823072889788579,.0682923519825101,88,44,.6255383877850906,.7741062816694965
DefInd_s2_FRUK_POOLED_AR1,DefInd,3,FRUK,2,POOLED_AR1,Exportman_GDP,-.0066687190982959,.0071038468269745,-.9387475913717166,.3478603525269983,88,44,.6255383877850906,.7741062816694965
DefInd_s2_FRUK_POOLED_AR1,DefInd,3,FRUK,2,POOLED_AR1,Importman_GDP,.0042630164686686,.0090294591294262,.4721231258222144,.6368389066456954,88,44,.6255383877850906,.7741062816694965
DefInd_s2_FRUK_POOLED_AR1,DefInd,3,FRUK,2,POOLED_AR1,MInvGDP,-.0662491239003442,.0274647930141116,-2.412147212116435,.0158588768177325,88,44,.6255383877850906,.7741062816694965
DefInd_s2_FRUK_POOLED_AR1,DefInd,3,FRUK,2,POOLED_AR1,Log_DefGBARD,-.1571880117662336,.0353297548516376,-4.44916791600516,8.62036031543e-06,88,44,.6255383877850906,.7741062816694965
DefInd_s2_FRUK_POOLED_AR1,DefInd,3,FRUK,2,POOLED_AR1,D0910,.0021785683350228,.042889993481754,.0507943265589351,.9594894117932309,88,44,.6255383877850906,.7741062816694965
DefInd_s2_FRUK_POOLED_AR1,DefInd,3,FRUK,2,POOLED_AR1,D20,-.0493175126057401,.0383175833883711,-1.287072624227845,.1980689762049493,88,44,.6255383877850906,.7741062816694965
DefInd_s2_FRUK_POOLED_AR1,DefInd,3,FRUK,2,POOLED_AR1,_cons,12.43327116508393,.3894332021037472,31.9265822685854,1.1421804163e-223,88,44,.6255383877850906,.7741062816694965
DefInd_s3_FRUK_POOLED_AR1,DefInd,3,FRUK,3,POOLED_AR1,DefInd,.0282623642344552,.0159229015618774,1.774950634758734,.0759060385615034,88,44,.6702975083177467,.7631107716878165
DefInd_s3_FRUK_POOLED_AR1,DefInd,3,FRUK,3,POOLED_AR1,Exportman_GDP,-.008352909102168,.0070668876420726,-1.181978478395362,.2372142404794957,88,44,.6702975083177467,.7631107716878165
DefInd_s3_FRUK_POOLED_AR1,DefInd,3,FRUK,3,POOLED_AR1,Importman_GDP,.0062616607548841,.0087574757593931,.7150074892491729,.4746044155702815,88,44,.6702975083177467,.7631107716878165
DefInd_s3_FRUK_POOLED_AR1,DefInd,3,FRUK,3,POOLED_AR1,MInvGDP,-.0651087208361126,.0263661515849924,-2.469405541655626,.0135337743692784,88,44,.6702975083177467,.7631107716878165
DefInd_s3_FRUK_POOLED_AR1,DefInd,3,FRUK,3,POOLED_AR1,Log_CivGBARD,.2191142300808217,.077118873249471,2.841253001350416,.0044936646712925,88,44,.6702975083177467,.7631107716878165
DefInd_s3_FRUK_POOLED_AR1,DefInd,3,FRUK,3,POOLED_AR1,Log_DefGBARD,-.1169137117040543,.0361819626852526,-3.231270584215909,.0012324121208361,88,44,.6702975083177467,.7631107716878165
DefInd_s3_FRUK_POOLED_AR1,DefInd,3,FRUK,3,POOLED_AR1,D0910,-.0035063530607709,.04091901795396,-.0856900589529318,.9317128048671269,88,44,.6702975083177467,.7631107716878165
DefInd_s3_FRUK_POOLED_AR1,DefInd,3,FRUK,3,POOLED_AR1,D20,-.0575198281761785,.0367830255374862,-1.563760113141295,.1178739146656767,88,44,.6702975083177467,.7631107716878165
DefInd_s3_FRUK_POOLED_AR1,DefInd,3,FRUK,3,POOLED_AR1,_cons,10.03763766190611,.937153180296233,10.71077586135196,9.05993093667e-27,88,44,.6702975083177467,.7631107716878165
DefInd_s1_GIS_POOLED_AR1,DefInd,3,GIS,1,POOLED_AR1,DefInd,-.0359425023104347,.0142022082477737,-2.530768573687746,.0113812914587861,122,44,.8087883908058046,.8351858313921339
DefInd_s1_GIS_POOLED_AR1,DefInd,3,GIS,1,POOLED_AR1,Exportman_GDP,.0164136337865592,.0028011649486751,5.859574172639387,4.64055580211e-09,122,44,.8087883908058046,.8351858313921339
DefInd_s1_GIS_POOLED_AR1,DefInd,3,GIS,1,POOLED_AR1,Importman_GDP,-.0084945020784444,.0028432827558165,-2.987568528338346,.0028120624368991,122,44,.8087883908058046,.8351858313921339
DefInd_s1_GIS_POOLED_AR1,DefInd,3,GIS,1,POOLED_AR1,MInvGDP,.0165410147714192,.0116101657208379,1.424701005062429,.1542436484764346,122,44,.8087883908058046,.8351858313921339
DefInd_s1_GIS_POOLED_AR1,DefInd,3,GIS,1,POOLED_AR1,Log_CivGBARD,.1154441163083182,.0233434848930294,4.945453381846635,7.59668492699e-07,122,44,.8087883908058046,.8351858313921339
DefInd_s1_GIS_POOLED_AR1,DefInd,3,GIS,1,POOLED_AR1,D0910,-.0356864153206923,.0219889567045561,-1.62292444340018,.1046055575723252,122,44,.8087883908058046,.8351858313921339
DefInd_s1_GIS_POOLED_AR1,DefInd,3,GIS,1,POOLED_AR1,D20,-.0241715048144926,.0193242068192568,-1.250840722238875,.2109925943909895,122,44,.8087883908058046,.8351858313921339
DefInd_s1_GIS_POOLED_AR1,DefInd,3,GIS,1,POOLED_AR1,_cons,10.08131455555531,.1657092591016592,60.83736424993992,0,122,44,.8087883908058046,.8351858313921339
DefInd_s2_GIS_POOLED_AR1,DefInd,3,GIS,2,POOLED_AR1,DefInd,.0011188654000799,.0135302400155959,.0826936845754579,.9340951066529992,122,44,.7028446537432548,.8387030883315976
DefInd_s2_GIS_POOLED_AR1,DefInd,3,GIS,2,POOLED_AR1,Exportman_GDP,.0201552591076199,.0029398900369787,6.85578673151097,7.09211158866e-12,122,44,.7028446537432548,.8387030883315976
DefInd_s2_GIS_POOLED_AR1,DefInd,3,GIS,2,POOLED_AR1,Importman_GDP,-.0108722299870628,.0032015591162621,-3.395917299117769,.0006839902251384,122,44,.7028446537432548,.8387030883315976
DefInd_s2_GIS_POOLED_AR1,DefInd,3,GIS,2,POOLED_AR1,MInvGDP,.019372809331156,.0130368073096902,1.486008719079278,.1372768147600563,122,44,.7028446537432548,.8387030883315976
DefInd_s2_GIS_POOLED_AR1,DefInd,3,GIS,2,POOLED_AR1,Log_DefGBARD,.0061027680612374,.0068379552780534,.8924843484754075,.3721333782751071,122,44,.7028446537432548,.8387030883315976
DefInd_s2_GIS_POOLED_AR1,DefInd,3,GIS,2,POOLED_AR1,D0910,-.0218020690346982,.0242264455373186,-.8999285099877385,.3681582967929914,122,44,.7028446537432548,.8387030883315976
DefInd_s2_GIS_POOLED_AR1,DefInd,3,GIS,2,POOLED_AR1,D20,-.0145860773744168,.0216858629354579,-.6726076530977021,.5011969315891178,122,44,.7028446537432548,.8387030883315976
DefInd_s2_GIS_POOLED_AR1,DefInd,3,GIS,2,POOLED_AR1,_cons,10.81421958490616,.0838837128832705,128.9191812474352,0,122,44,.7028446537432548,.8387030883315976
DefInd_s3_GIS_POOLED_AR1,DefInd,3,GIS,3,POOLED_AR1,DefInd,-.0364353649311407,.0141257514826736,-2.579357634588969,.0098984249662629,122,44,.8139672073691016,.8310866604612003
DefInd_s3_GIS_POOLED_AR1,DefInd,3,GIS,3,POOLED_AR1,Exportman_GDP,.0163409268092438,.0028031883383073,5.829407387985674,5.56245568861e-09,122,44,.8139672073691016,.8310866604612003
DefInd_s3_GIS_POOLED_AR1,DefInd,3,GIS,3,POOLED_AR1,Importman_GDP,-.0085593093673159,.0028174141917267,-3.038001793435362,.0023815253727204,122,44,.8139672073691016,.8310866604612003
DefInd_s3_GIS_POOLED_AR1,DefInd,3,GIS,3,POOLED_AR1,MInvGDP,.01696644976492,.0115472973759672,1.469300496255632,.1417513022869328,122,44,.8139672073691016,.8310866604612003
DefInd_s3_GIS_POOLED_AR1,DefInd,3,GIS,3,POOLED_AR1,Log_CivGBARD,.1197355879409758,.0244683313367201,4.893492175385343,9.90622546636e-07,122,44,.8139672073691016,.8310866604612003
DefInd_s3_GIS_POOLED_AR1,DefInd,3,GIS,3,POOLED_AR1,Log_DefGBARD,-.0035399847618954,.0065152875313926,-.5433351551775235,.5868990635313642,122,44,.8139672073691016,.8310866604612003
DefInd_s3_GIS_POOLED_AR1,DefInd,3,GIS,3,POOLED_AR1,D0910,-.0368663975851008,.0220934418988649,-1.668657955327228,.0951851860995084,122,44,.8139672073691016,.8310866604612003
DefInd_s3_GIS_POOLED_AR1,DefInd,3,GIS,3,POOLED_AR1,D20,-.0251738772817675,.0194630199820296,-1.293420923629052,.1958655172873544,122,44,.8139672073691016,.8310866604612003
DefInd_s3_GIS_POOLED_AR1,DefInd,3,GIS,3,POOLED_AR1,_cons,10.06761746547598,.1660276725498442,60.63818947081557,0,122,44,.8139672073691016,.8310866604612003
