"model","type","country1","country2","N","correlation"
"DefGDP_s1_FRUK_FE_AR1","innov","FR","UK",43,-0.193175181882614
"DefGDP_s1_FRUK_FE_AR1","raw","FR","UK",44,-0.145982696347509
"DefGDP_s1_FRUK_POOLED_AR1","innov","FR","UK",43,-0.104960460701689
"DefGDP_s1_FRUK_POOLED_AR1","raw","FR","UK",44,0.0328537692311256
"DefGDP_s1_GIS_FE_AR1","innov","DE","ES",33,0.281400728219384
"DefGDP_s1_GIS_FE_AR1","innov","DE","IT",33,0.62540822672207
"DefGDP_s1_GIS_FE_AR1","innov","ES","IT",39,0.301302780362091
"DefGDP_s1_GIS_FE_AR1","raw","DE","ES",34,0.712095311267974
"DefGDP_s1_GIS_FE_AR1","raw","DE","IT",34,0.114346750753258
"DefGDP_s1_GIS_FE_AR1","raw","ES","IT",40,-0.269261769263307
"DefGDP_s1_GIS_POOLED_AR1","innov","DE","ES",33,0.263512276514568
"DefGDP_s1_GIS_POOLED_AR1","innov","DE","IT",33,0.629887348405286
"DefGDP_s1_GIS_POOLED_AR1","innov","ES","IT",39,0.313046638068504
"DefGDP_s1_GIS_POOLED_AR1","raw","DE","ES",34,0.637541444505439
"DefGDP_s1_GIS_POOLED_AR1","raw","DE","IT",34,0.130479187257864
"DefGDP_s1_GIS_POOLED_AR1","raw","ES","IT",40,-0.214767838151469
"DefGDP_s2_FRUK_FE_AR1","innov","FR","UK",43,0.00346059209712094
"DefGDP_s2_FRUK_FE_AR1","raw","FR","UK",44,-0.0554844402554554
"DefGDP_s2_FRUK_POOLED_AR1","innov","FR","UK",43,0.00472985982851174
"DefGDP_s2_FRUK_POOLED_AR1","raw","FR","UK",44,-0.0325016671903007
"DefGDP_s2_GIS_FE_AR1","innov","DE","ES",33,0.310788683059106
"DefGDP_s2_GIS_FE_AR1","innov","DE","IT",33,0.584372980905943
"DefGDP_s2_GIS_FE_AR1","innov","ES","IT",39,0.246298822455189
"DefGDP_s2_GIS_FE_AR1","raw","DE","ES",34,0.794971042128277
"DefGDP_s2_GIS_FE_AR1","raw","DE","IT",34,-0.00354626822029505
"DefGDP_s2_GIS_FE_AR1","raw","ES","IT",40,-0.367376652049015
"DefGDP_s2_GIS_POOLED_AR1","innov","DE","ES",33,0.238139896754206
"DefGDP_s2_GIS_POOLED_AR1","innov","DE","IT",33,0.69289499218861
"DefGDP_s2_GIS_POOLED_AR1","innov","ES","IT",39,0.295362640170058
"DefGDP_s2_GIS_POOLED_AR1","raw","DE","ES",34,0.776632545301673
"DefGDP_s2_GIS_POOLED_AR1","raw","DE","IT",34,0.125280906367567
"DefGDP_s2_GIS_POOLED_AR1","raw","ES","IT",40,-0.370681044893557
"DefGDP_s3_FRUK_FE_AR1","innov","FR","UK",43,-0.178804094550875
"DefGDP_s3_FRUK_FE_AR1","raw","FR","UK",44,-0.180029160391322
"DefGDP_s3_FRUK_POOLED_AR1","innov","FR","UK",43,-0.0564899154245228
"DefGDP_s3_FRUK_POOLED_AR1","raw","FR","UK",44,-0.0670221397387811
"DefGDP_s3_GIS_FE_AR1","innov","DE","ES",33,0.304970593314818
"DefGDP_s3_GIS_FE_AR1","innov","DE","IT",33,0.569535146824953
"DefGDP_s3_GIS_FE_AR1","innov","ES","IT",39,0.275617871976504
"DefGDP_s3_GIS_FE_AR1","raw","DE","ES",34,0.690693762837761
"DefGDP_s3_GIS_FE_AR1","raw","DE","IT",34,0.0292522423077056
"DefGDP_s3_GIS_FE_AR1","raw","ES","IT",40,-0.232568863617785
"DefGDP_s3_GIS_POOLED_AR1","innov","DE","ES",33,0.25435145331819
"DefGDP_s3_GIS_POOLED_AR1","innov","DE","IT",33,0.624009731972846
"DefGDP_s3_GIS_POOLED_AR1","innov","ES","IT",39,0.314366804819969
"DefGDP_s3_GIS_POOLED_AR1","raw","DE","ES",34,0.626980110561906
"DefGDP_s3_GIS_POOLED_AR1","raw","DE","IT",34,0.0957341235346392
"DefGDP_s3_GIS_POOLED_AR1","raw","ES","IT",40,-0.202341031344372
"DefInd_s1_FRUK_FE_AR1","innov","FR","UK",43,0.219456366339326
"DefInd_s1_FRUK_FE_AR1","raw","FR","UK",44,0.793623795257091
"DefInd_s1_FRUK_POOLED_AR1","innov","FR","UK",43,0.231008924753589
"DefInd_s1_FRUK_POOLED_AR1","raw","FR","UK",44,0.865628049936302
"DefInd_s1_GIS_FE_AR1","innov","DE","ES",33,0.192535411781736
"DefInd_s1_GIS_FE_AR1","innov","DE","IT",33,0.720410127508062
"DefInd_s1_GIS_FE_AR1","innov","ES","IT",43,0.278982855776746
"DefInd_s1_GIS_FE_AR1","raw","DE","ES",34,0.643641225811667
"DefInd_s1_GIS_FE_AR1","raw","DE","IT",34,0.570879388356302
"DefInd_s1_GIS_FE_AR1","raw","ES","IT",44,0.0444914653831598
"DefInd_s1_GIS_POOLED_AR1","innov","DE","ES",33,0.17305437526653
"DefInd_s1_GIS_POOLED_AR1","innov","DE","IT",33,0.718738114201018
"DefInd_s1_GIS_POOLED_AR1","innov","ES","IT",43,0.290710416941991
"DefInd_s1_GIS_POOLED_AR1","raw","DE","ES",34,0.587136645564384
"DefInd_s1_GIS_POOLED_AR1","raw","DE","IT",34,0.563074646284602
"DefInd_s1_GIS_POOLED_AR1","raw","ES","IT",44,-0.0240225811896911
"DefInd_s2_FRUK_FE_AR1","innov","FR","UK",43,0.199552184937913
"DefInd_s2_FRUK_FE_AR1","raw","FR","UK",44,0.623147071737788
"DefInd_s2_FRUK_POOLED_AR1","innov","FR","UK",43,0.274867450713909
"DefInd_s2_FRUK_POOLED_AR1","raw","FR","UK",44,0.678531681222696
"DefInd_s2_GIS_FE_AR1","innov","DE","ES",33,0.380890265376976
"DefInd_s2_GIS_FE_AR1","innov","DE","IT",33,0.702389430344401
"DefInd_s2_GIS_FE_AR1","innov","ES","IT",43,0.310921906486584
"DefInd_s2_GIS_FE_AR1","raw","DE","ES",34,0.818787890736406
"DefInd_s2_GIS_FE_AR1","raw","DE","IT",34,0.409087976979553
"DefInd_s2_GIS_FE_AR1","raw","ES","IT",44,0.259158955045258
"DefInd_s2_GIS_POOLED_AR1","innov","DE","ES",33,0.398268113443767
"DefInd_s2_GIS_POOLED_AR1","innov","DE","IT",33,0.737338022866821
"DefInd_s2_GIS_POOLED_AR1","innov","ES","IT",43,0.377992359714306
"DefInd_s2_GIS_POOLED_AR1","raw","DE","ES",34,0.789422865303987
"DefInd_s2_GIS_POOLED_AR1","raw","DE","IT",34,0.448777206694382
"DefInd_s2_GIS_POOLED_AR1","raw","ES","IT",44,0.139925759924769
"DefInd_s3_FRUK_FE_AR1","innov","FR","UK",43,0.230390480099868
"DefInd_s3_FRUK_FE_AR1","raw","FR","UK",44,0.714600444479822
"DefInd_s3_FRUK_POOLED_AR1","innov","FR","UK",43,0.296181167237956
"DefInd_s3_FRUK_POOLED_AR1","raw","FR","UK",44,0.788963895162383
"DefInd_s3_GIS_FE_AR1","innov","DE","ES",33,0.223518386521368
"DefInd_s3_GIS_FE_AR1","innov","DE","IT",33,0.659017534173551
"DefInd_s3_GIS_FE_AR1","innov","ES","IT",43,0.249349977317458
"DefInd_s3_GIS_FE_AR1","raw","DE","ES",34,0.584865326689178
"DefInd_s3_GIS_FE_AR1","raw","DE","IT",34,0.455169593694197
"DefInd_s3_GIS_FE_AR1","raw","ES","IT",44,0.0229894326877631
"DefInd_s3_GIS_POOLED_AR1","innov","DE","ES",33,0.162115579307393
"DefInd_s3_GIS_POOLED_AR1","innov","DE","IT",33,0.705947177943219
"DefInd_s3_GIS_POOLED_AR1","innov","ES","IT",43,0.287024442038037
"DefInd_s3_GIS_POOLED_AR1","raw","DE","ES",34,0.56505323667699
"DefInd_s3_GIS_POOLED_AR1","raw","DE","IT",34,0.523799740401655
"DefInd_s3_GIS_POOLED_AR1","raw","ES","IT",44,-0.0326300824172177
