"model","military","block","spec","method","type","country","N","mean","sd","skewness","kurtosis","JB","JB_p","lags","Q","Q_p","LM","LM_p"
"DefGDP_s1_FRUK_FE_AR1","DefGDP","FRUK",1,"FE_AR1","innov","FR",43,0.00247459000269259,0.0326626126708638,-0.0817648750156413,3.68086047504108,0.878477396733083,0.644526913745261,8,11.072992319876,0.197597558725921,0.829955722102638,0.660354900106398
"DefGDP_s1_FRUK_FE_AR1","DefGDP","FRUK",1,"FE_AR1","innov","UK",43,0.00651488616843182,0.0421676744453867,-0.00364138840446028,3.16498598660801,0.0488648678519954,0.975863621964661,8,14.6252424961033,0.0668552953489459,1.18551838425082,0.552799897402135
"DefGDP_s1_FRUK_FE_AR1","DefGDP","FRUK",1,"FE_AR1","raw","FR",44,0.00147259588585732,0.0477072760494193,-0.0168062103331583,3.34368043984755,0.218617739187563,0.89645348750828,8,34.2860769123494,3.60525569795822e-05,3.85818807269732,0.145279757060154
"DefGDP_s1_FRUK_FE_AR1","DefGDP","FRUK",1,"FE_AR1","raw","UK",44,0.0057782348410584,0.0703866405545683,-0.613000602587549,2.31409481575033,3.61816560759751,0.163804308613277,8,52.8428394509662,1.15667936340103e-08,2.90092856096852,0.234461406964496
"DefGDP_s1_FRUK_POOLED_AR1","DefGDP","FRUK",1,"POOLED_AR1","innov","FR",43,-0.00354416433768205,0.0304186448357441,-0.713928599315033,3.33123352720371,3.84938119402546,0.145920898234247,8,5.06293040905978,0.750829359685149,0.193224811012914,0.907907838023479
"DefGDP_s1_FRUK_POOLED_AR1","DefGDP","FRUK",1,"POOLED_AR1","innov","UK",43,0.0160928684597511,0.0426055738888382,-0.00208047673827924,3.41057977988487,0.302062582288254,0.859820793461889,8,9.70512054721579,0.28633554000971,0.535314060959665,0.765170166149986
"DefGDP_s1_FRUK_POOLED_AR1","DefGDP","FRUK",1,"POOLED_AR1","raw","FR",44,-0.0394803740646755,0.0655614707073183,-0.990227322461569,3.63337328526654,7.92616425165944,0.01900444982673,8,68.039566230507,1.20577992035464e-11,30.4149035131785,2.48592268978561e-07
"DefGDP_s1_FRUK_POOLED_AR1","DefGDP","FRUK",1,"POOLED_AR1","raw","UK",44,0.0501232991631094,0.082732940527024,-0.538791014759862,2.08818160621238,3.65309232492101,0.160968568066103,8,85.4820495785772,3.77475828372553e-15,7.84396376601277,0.0198018109566624
"DefGDP_s1_GIS_FE_AR1","DefGDP","GIS",1,"FE_AR1","innov","DE",33,0.00852171696924385,0.0363548706675261,0.786372264030073,4.7147937649927,7.44430913462635,0.0241818103393084,8,8.8432789738569,0.355688892249077,2.316322136255,0.314063190990753
"DefGDP_s1_GIS_FE_AR1","DefGDP","GIS",1,"FE_AR1","innov","ES",39,-0.00417628666384731,0.0271134847178491,-0.239846588828464,3.35546817421767,0.579252647304903,0.748543228223532,8,5.57918042171288,0.694252564652919,1.53487446151131,0.464201185747563
"DefGDP_s1_GIS_FE_AR1","DefGDP","GIS",1,"FE_AR1","innov","IT",43,0.00492287791371251,0.0330530082968173,-0.0423605274031887,2.66870864997184,0.209502478184689,0.900548515990935,8,4.71577903447094,0.787477074217891,1.41380201471202,0.493170162468274
"DefGDP_s1_GIS_FE_AR1","DefGDP","GIS",1,"FE_AR1","raw","DE",34,0.0105806639287443,0.0802181214322729,-0.391348512980642,2.355848186684,1.45569044014981,0.482948517481931,8,70.5633193339303,3.79563047658849e-12,2.87873150236635,0.237078077497466
"DefGDP_s1_GIS_FE_AR1","DefGDP","GIS",1,"FE_AR1","raw","ES",40,-0.010934369227972,0.068426697968711,0.396123133726968,1.80838375644292,3.41267236700631,0.181529667106352,8,84.9948666754673,4.77395900588817e-15,15.6683727853156,0.000395964343409981
"DefGDP_s1_GIS_FE_AR1","DefGDP","GIS",1,"FE_AR1","raw","IT",44,0.0147899481601481,0.0619752668446054,-0.121103418748731,2.63771781859335,0.348172973674688,0.840224226179932,8,51.8782147821265,1.77673640244791e-08,4.91087427299217,0.0858256697073007
"DefGDP_s1_GIS_POOLED_AR1","DefGDP","GIS",1,"POOLED_AR1","innov","DE",33,0.0124821668818277,0.0362869670368698,0.797827381437658,4.81054577463276,8.00826142094993,0.0182401383301489,8,9.17002615394949,0.328156532125442,2.74795009694127,0.253098876987775
"DefGDP_s1_GIS_POOLED_AR1","DefGDP","GIS",1,"POOLED_AR1","innov","ES",39,-0.00475363319449986,0.027068506993,-0.179097530488021,3.33505130668828,0.390915004709375,0.822458295362413,8,4.68486774242219,0.790665415993121,1.72403239387346,0.422309763733425
"DefGDP_s1_GIS_POOLED_AR1","DefGDP","GIS",1,"POOLED_AR1","innov","IT",43,0.000715365407639259,0.0330680009209411,-0.026500517010115,2.66746736586499,0.203151820083135,0.903412598651356,8,4.78591201116539,0.780193903707346,0.789802658298299,0.673746515111102
"DefGDP_s1_GIS_POOLED_AR1","DefGDP","GIS",1,"POOLED_AR1","raw","DE",34,0.0346581538258721,0.0775461940594165,-0.458806315345457,2.44691731134242,1.62621065070294,0.443478779866913,8,65.5219423909388,3.80494524776509e-11,1.25311609807301,0.534428114306783
"DefGDP_s1_GIS_POOLED_AR1","DefGDP","GIS",1,"POOLED_AR1","raw","ES",40,-0.00932281596468796,0.0706352173931683,0.655599844328415,2.1933684048499,3.94983192304693,0.13877297402225,8,78.1467190695649,1.15352172258554e-13,23.2757753273146,8.82530262756682e-06
"DefGDP_s1_GIS_POOLED_AR1","DefGDP","GIS",1,"POOLED_AR1","raw","IT",44,-0.00678654689482211,0.0602288015594202,-0.0456494769019327,2.45260477970895,0.564624547965802,0.754038181258109,8,50.9267514307006,2.71071615154383e-08,4.34143473588792,0.114095738920381
"DefGDP_s2_FRUK_FE_AR1","DefGDP","FRUK",2,"FE_AR1","innov","FR",43,0.00617204762829521,0.0254225830522937,-1.08428421430291,4.40706082066469,11.9728289521502,0.00251265711033555,8,4.13223578279657,0.84499985334767,1.78279143756343,0.410082992604437
"DefGDP_s2_FRUK_FE_AR1","DefGDP","FRUK",2,"FE_AR1","innov","UK",43,0.00817286554830389,0.0439202191697675,-0.162923519723455,4.39380848341627,3.67090710029407,0.159541125455307,8,12.2849789923925,0.1389345532221,0.705779136596294,0.702654784456568
"DefGDP_s2_FRUK_FE_AR1","DefGDP","FRUK",2,"FE_AR1","raw","FR",44,0.0108115491007769,0.0640078622722467,-0.904694675674503,3.58180742302697,6.6227144541515,0.0364666466313974,8,70.8306538558643,3.3575364710714e-12,11.5869804580338,0.00304732772235617
"DefGDP_s2_FRUK_FE_AR1","DefGDP","FRUK",2,"FE_AR1","raw","UK",44,0.00510862360781732,0.100048037563589,-0.328816423139381,2.06486712296758,2.396083173388,0.301784652639276,8,112.394266181583,0,2.45941806203054,0.292377638129808
"DefGDP_s2_FRUK_POOLED_AR1","DefGDP","FRUK",2,"POOLED_AR1","innov","FR",43,-0.000211858831500085,0.0282162548154678,-0.887718790012625,3.93996653383501,7.23065726948816,0.0269080808337634,8,3.32498205906847,0.912340377342571,0.850876562473557,0.653483312882143
"DefGDP_s2_FRUK_POOLED_AR1","DefGDP","FRUK",2,"POOLED_AR1","innov","UK",43,0.0142297289551573,0.0433235538918722,-0.0221046119525836,3.81017435654856,1.17952035708119,0.554460240255077,8,11.770912291891,0.161721615946708,0.365882412588221,0.832817118702456
"DefGDP_s2_FRUK_POOLED_AR1","DefGDP","FRUK",2,"POOLED_AR1","raw","FR",44,-0.0274942794266643,0.0701730509894311,-0.974233966158479,3.53686056941734,7.48870201614815,0.0236509733587229,8,72.8752469608333,1.3123946374094e-12,21.7985163011289,1.84719323066658e-05
"DefGDP_s2_FRUK_POOLED_AR1","DefGDP","FRUK",2,"POOLED_AR1","raw","UK",44,0.040179612883827,0.0922564965442893,-0.371493072224555,2.08159208890369,2.55841942034735,0.27825711735117,8,101.951619253893,0,9.88690343149226,0.00712994530462367
"DefGDP_s2_GIS_FE_AR1","DefGDP","GIS",2,"FE_AR1","innov","DE",33,0.00833716625695555,0.0368130047275327,0.74612416642579,4.32684030731726,5.4825516460276,0.0644880190876148,8,7.82089675810253,0.451158339468513,2.02920201179713,0.362547055114738
"DefGDP_s2_GIS_FE_AR1","DefGDP","GIS",2,"FE_AR1","innov","ES",39,-0.00209439829960629,0.0275175681900098,-0.391044640247754,3.19741552928345,1.0572843675359,0.589404729901282,8,7.32233021821449,0.502288266015004,1.18394244936809,0.55323565738267
"DefGDP_s2_GIS_FE_AR1","DefGDP","GIS",2,"FE_AR1","innov","IT",43,0.00545557118139136,0.033818960252011,-0.0647176621325,2.63602103258893,0.267377927127672,0.874862136290043,8,5.06616187140973,0.750481825746716,1.53017232065915,0.465293839376635
"DefGDP_s2_GIS_FE_AR1","DefGDP","GIS",2,"FE_AR1","raw","DE",34,0.00741279771963837,0.0836642762947717,-0.2228850402227,2.17632483190095,1.24263164181468,0.537237064546885,8,77.8097086050205,1.34781075189494e-13,3.94747210983749,0.138936809807311
"DefGDP_s2_GIS_FE_AR1","DefGDP","GIS",2,"FE_AR1","raw","ES",40,-0.00761497996992717,0.064765762076632,-0.012598165906128,1.7064734366814,2.78974304191269,0.247864879764288,8,98.7775364196575,0,4.09947680844508,0.128768584500195
"DefGDP_s2_GIS_FE_AR1","DefGDP","GIS",2,"FE_AR1","raw","IT",44,0.0154661714319368,0.0663177329401538,-0.177940146972534,2.81043758291788,0.298071938245482,0.861538125571047,8,53.789888849791,7.58246332388524e-09,4.88751873189587,0.0868337970687602
"DefGDP_s2_GIS_POOLED_AR1","DefGDP","GIS",2,"POOLED_AR1","innov","DE",33,0.0184694101685224,0.0367451401277648,0.863092833238825,4.90695882464389,9.09728725680512,0.0105815471646146,8,12.063893341213,0.148375806300419,2.38391735716071,0.303625975572814
"DefGDP_s2_GIS_POOLED_AR1","DefGDP","GIS",2,"POOLED_AR1","innov","ES",39,-0.00627717953892406,0.0272244172640366,-0.482196861334956,3.60330826600762,2.10280868875717,0.349446660909524,8,5.87450783921687,0.66128652731508,0.488431383226676,0.783318660774735
"DefGDP_s2_GIS_POOLED_AR1","DefGDP","GIS",2,"POOLED_AR1","innov","IT",43,0.00240138774036529,0.0331212378068509,0.0919203499984152,2.93379903304319,0.0684057813774024,0.966375416172186,8,5.3861453667808,0.715618832426401,1.28482629847837,0.526021522785079
"DefGDP_s2_GIS_POOLED_AR1","DefGDP","GIS",2,"POOLED_AR1","raw","DE",34,0.0868565574710109,0.0854213791805811,-0.300259194651749,2.33814876883159,1.13144829979532,0.56794871780153,8,73.6685141516505,9.10937991704941e-13,12.159217083932,0.00228907255339849
"DefGDP_s2_GIS_POOLED_AR1","DefGDP","GIS",2,"POOLED_AR1","raw","ES",40,-0.0435997432504117,0.0715246866188654,-0.0514417659010472,1.75716635569008,2.59203414757459,0.27361943161055,8,117.487957063345,0,7.46301469031379,0.0239566975950548
"DefGDP_s2_GIS_POOLED_AR1","DefGDP","GIS",2,"POOLED_AR1","raw","IT",44,-0.00418196281455115,0.0674278998659852,-0.280479375070648,3.09856814269635,0.594715729876935,0.742778150536328,8,53.3264182181062,9.32420762822517e-09,3.66946147837148,0.159656485216191
"DefGDP_s3_FRUK_FE_AR1","DefGDP","FRUK",3,"FE_AR1","innov","FR",43,0.00270146732052864,0.0329273596493636,-0.0410327720572553,3.84660716331235,1.2962322094838,0.523030183292622,8,10.3944777369353,0.238422663151361,1.1002036377034,0.576891069003846
"DefGDP_s3_FRUK_FE_AR1","DefGDP","FRUK",3,"FE_AR1","innov","UK",43,0.00657309648342971,0.0410294634881151,0.0479580958595918,3.37838492408765,0.273005327677556,0.872403996312931,8,11.8021111956313,0.160253987380878,0.766829953421272,0.68153002150968
"DefGDP_s3_FRUK_FE_AR1","DefGDP","FRUK",3,"FE_AR1","raw","FR",44,0.00209825602901108,0.0513878460334569,0.00115290677103739,3.28587990065123,0.149843163016158,0.927816241426275,8,41.0254681019535,2.0618695598662e-06,3.48328479247742,0.175232363171763
"DefGDP_s3_FRUK_FE_AR1","DefGDP","FRUK",3,"FE_AR1","raw","UK",44,0.00566925050228839,0.0671317974922439,-0.666558684330314,2.54032564683045,3.6455877875752,0.161573699980144,8,46.0782144184656,2.29698197351524e-07,3.04043346003056,0.218664490657899
"DefGDP_s3_FRUK_POOLED_AR1","DefGDP","FRUK",3,"POOLED_AR1","innov","FR",43,-0.00328611744788833,0.0306436809520099,-0.697270002943014,3.45231046597794,3.85087679928919,0.145811818992459,8,4.60841573371455,0.798491010653234,0.314430537099693,0.854520087716702
"DefGDP_s3_FRUK_POOLED_AR1","DefGDP","FRUK",3,"POOLED_AR1","innov","UK",43,0.015855260949595,0.0418191902946627,0.0807337338349635,3.53301093183988,0.55572554386633,0.757400751024032,8,10.2066780523009,0.250818506857004,0.235775586384715,0.88879577595636
"DefGDP_s3_FRUK_POOLED_AR1","DefGDP","FRUK",3,"POOLED_AR1","raw","FR",44,-0.0362087988016116,0.0674505674035441,-0.849400434480159,3.39987630642565,5.58401333017175,0.0612980856893772,8,65.991694618561,3.07156522438845e-11,24.2921668589097,5.30912547920872e-06
"DefGDP_s3_FRUK_POOLED_AR1","DefGDP","FRUK",3,"POOLED_AR1","raw","UK",44,0.0475921555084545,0.0780498112963089,-0.558207740074779,2.22319596380126,3.39131473078242,0.183478576909311,8,76.586233305548,2.37254660362396e-13,8.72066475067485,0.0127741411343866
"DefGDP_s3_GIS_FE_AR1","DefGDP","GIS",3,"FE_AR1","innov","DE",33,0.00830231777590951,0.0364276151535855,0.745713719703555,4.52060473901125,6.2378175465649,0.044205380201852,8,7.47925860397733,0.485913210212844,2.45635995692853,0.292825040867226
"DefGDP_s3_GIS_FE_AR1","DefGDP","GIS",3,"FE_AR1","innov","ES",39,-0.00409428863994474,0.0270628530888569,-0.164172017484075,2.93479842497656,0.182099207362642,0.912972422982927,8,5.51684012322975,0.701173543994222,2.454808819184,0.293052234944882
"DefGDP_s3_GIS_FE_AR1","DefGDP","GIS",3,"FE_AR1","innov","IT",43,0.00450475239378668,0.0336412159563979,-0.117680889108571,2.51294619407531,0.524271366249337,0.769406621130406,8,4.72149697168399,0.786885813753351,1.10312368920176,0.576049407761683
"DefGDP_s3_GIS_FE_AR1","DefGDP","GIS",3,"FE_AR1","raw","DE",34,0.00904667272732433,0.0787032036068548,-0.407920248167653,2.36788133296034,1.50899044329756,0.470247925803404,8,69.4776893742023,6.24333917897957e-12,3.6315872779095,0.162708725151995
"DefGDP_s3_GIS_FE_AR1","DefGDP","GIS",3,"FE_AR1","raw","ES",40,-0.00876033419795568,0.0641327184954635,0.512393937029184,2.00246773424675,3.40876801339312,0.181884391241646,8,77.1863598385525,1.79745107686813e-13,18.8943711994291,7.89113411434065e-05
"DefGDP_s3_GIS_FE_AR1","DefGDP","GIS",3,"FE_AR1","raw","IT",44,0.012703838263307,0.0615409413965034,-0.0991547002233355,2.44471130522322,0.637398946896096,0.72709402753648,8,50.8322628364685,2.82670693518838e-08,3.72453740759051,0.1553198556027
"DefGDP_s3_GIS_POOLED_AR1","DefGDP","GIS",3,"POOLED_AR1","innov","DE",33,0.0127212213542732,0.0362753321076699,0.811117435970061,4.86966031235341,8.42500403707606,0.0148092688804018,8,9.13827347113138,0.330766076896324,2.77769265989806,0.249362821168777
"DefGDP_s3_GIS_POOLED_AR1","DefGDP","GIS",3,"POOLED_AR1","innov","ES",39,-0.00461740945037998,0.0268759919850927,-0.207602396464157,3.31345616257154,0.439805902127674,0.802596685337454,8,4.31409522225798,0.827731298010984,1.74030403461727,0.41888786620126
"DefGDP_s3_GIS_POOLED_AR1","DefGDP","GIS",3,"POOLED_AR1","innov","IT",43,0.000309562855432258,0.0331676845655982,-0.0360149972747261,2.67451897436926,0.199101140870769,0.905244170119154,8,4.66979946245536,0.792214649632587,0.637898707610725,0.726912363719133
"DefGDP_s3_GIS_POOLED_AR1","DefGDP","GIS",3,"POOLED_AR1","raw","DE",34,0.0363970533867568,0.0772307519431775,-0.471836100476339,2.4515600788839,1.68768005739333,0.430055921523064,8,65.5229489419265,3.80320219761643e-11,1.52410846156978,0.466706718307553
"DefGDP_s3_GIS_POOLED_AR1","DefGDP","GIS",3,"POOLED_AR1","raw","ES",40,-0.00875129755333957,0.0693105732405708,0.697950000960233,2.279731470529,4.11220594984645,0.127951630279312,8,76.2472586903785,2.77444733853827e-13,23.960870473142,6.26560606184116e-06
"DefGDP_s3_GIS_POOLED_AR1","DefGDP","GIS",3,"POOLED_AR1","raw","IT",44,-0.00852086408785592,0.060098259807971,-0.0503016749505769,2.40294043819424,0.672102116317545,0.71458661940753,8,50.6667977738674,3.04183962462901e-08,3.45628972034697,0.177613602594197
"DefInd_s1_FRUK_FE_AR1","DefInd","FRUK",1,"FE_AR1","innov","FR",43,0.00601650584900846,0.0463521958707765,-0.238280243147927,4.67967447589578,5.4617457670498,0.0651623856635675,8,4.10041964379089,0.847951433499842,0.843823918778847,0.655791773160066
"DefInd_s1_FRUK_FE_AR1","DefInd","FRUK",1,"FE_AR1","innov","UK",43,0.016600848061897,0.046430787496735,0.0849019059271211,2.64889931771075,0.272521500660044,0.872615068154268,8,12.5311073286538,0.129033539632958,4.64252216119983,0.0981497328026684
"DefInd_s1_FRUK_FE_AR1","DefInd","FRUK",1,"FE_AR1","raw","FR",44,0.00727983796037074,0.0910857601132822,-0.526496006118216,3.16011107147092,2.07978417724238,0.353492825798898,8,84.7979239237097,5.21804821573824e-15,12.0669542129789,0.00239714434459195
"DefInd_s1_FRUK_FE_AR1","DefInd","FRUK",1,"FE_AR1","raw","UK",44,0.0208119114754811,0.136936777821403,-1.6005262830204,5.43139203068238,29.6237420186072,3.69220795780863e-07,8,78.9563395808515,7.92699239582362e-14,3.94875439940752,0.138847759746298
"DefInd_s1_FRUK_POOLED_AR1","DefInd","FRUK",1,"POOLED_AR1","innov","FR",43,-0.00344060990945669,0.0444591592135971,-0.446889017082475,3.08936928320021,1.4455633272844,0.48540015632185,8,6.72940582618952,0.566089229210779,1.79335733673861,0.407922257380836
"DefInd_s1_FRUK_POOLED_AR1","DefInd","FRUK",1,"POOLED_AR1","innov","UK",43,0.0301631445564339,0.0443835524927572,0.248277836954703,3.13199543098819,0.472982676542312,0.789392719778047,8,12.5187083525496,0.129517365587023,3.82289458756585,0.147866225786756
"DefInd_s1_FRUK_POOLED_AR1","DefInd","FRUK",1,"POOLED_AR1","raw","FR",44,-0.0471606076180062,0.127173943664698,-1.05777137000033,3.11158507772775,8.22794924295859,0.0163426892635573,8,126.392524098899,0,20.3081467136733,3.89172345913293e-05
"DefInd_s1_FRUK_POOLED_AR1","DefInd","FRUK",1,"POOLED_AR1","raw","UK",44,0.0789990366243266,0.14557262036386,-1.50656563857276,4.81284803803263,22.6698598542375,1.19481998975863e-05,8,97.3663278230144,0,0.971213626491522,0.615323696883709
"DefInd_s1_GIS_FE_AR1","DefInd","GIS",1,"FE_AR1","innov","DE",33,0.00894798539758268,0.0382168713192158,0.6903388729881,4.13924469633821,4.40570558500692,0.110487510395947,8,5.48136212107989,0.705104029433303,2.05005796190697,0.358786067292951
"DefInd_s1_GIS_FE_AR1","DefInd","GIS",1,"FE_AR1","innov","ES",43,0.00162144178768545,0.0276740954285184,-0.293500761278221,3.28171258295196,0.759546207321375,0.684016592467294,8,22.3567052860386,0.00429621180647644,1.88061333359392,0.390508061137775
"DefInd_s1_GIS_FE_AR1","DefInd","GIS",1,"FE_AR1","innov","IT",43,0.0046435194919575,0.031640716893808,0.112419405515389,2.82960048684853,0.142596035675152,0.931184341228329,8,7.38551473104091,0.495665961015098,4.01917990239791,0.134043627830176
"DefInd_s1_GIS_FE_AR1","DefInd","GIS",1,"FE_AR1","raw","DE",34,0.0188185086428635,0.0877561777627552,-0.450460781053199,2.48701308942799,1.52265491127246,0.467046032439735,8,66.7228960716709,2.20036211473484e-11,3.28955944728048,0.193055083581472
"DefInd_s1_GIS_FE_AR1","DefInd","GIS",1,"FE_AR1","raw","ES",44,0.00476117369162193,0.0662039264374108,0.370849167200479,1.70226919867895,4.09607302857598,0.128987921048433,8,100.963439035456,0,3.29271910120846,0.192750330746653
"DefInd_s1_GIS_FE_AR1","DefInd","GIS",1,"FE_AR1","raw","IT",44,0.0125410273030491,0.0569662272425077,-0.25605763071458,2.59036988307371,0.788441268416454,0.674205287079568,8,47.783087784154,1.08690694999858e-07,4.01528889849268,0.134304663810525
"DefInd_s1_GIS_POOLED_AR1","DefInd","GIS",1,"POOLED_AR1","innov","DE",33,0.0125060534695685,0.0381177563228588,0.723247874553411,4.26898452574548,5.09117355830269,0.0784270191367532,8,5.90626587192502,0.657730779241909,2.10599295517386,0.348890737945283
"DefInd_s1_GIS_POOLED_AR1","DefInd","GIS",1,"POOLED_AR1","innov","ES",43,0.000509408440040419,0.0280263533325125,-0.267489638676136,3.23859433339915,0.614774732268394,0.735365689963848,8,22.458293093222,0.00413401294134752,1.93920372455799,0.379233995409166
"DefInd_s1_GIS_POOLED_AR1","DefInd","GIS",1,"POOLED_AR1","innov","IT",43,0.00176945063174027,0.0318258489811762,0.123807990461681,2.88509442329909,0.133509563305044,0.935424556478513,8,7.56954856787803,0.476604817235847,3.30169092652741,0.191887606098295
"DefInd_s1_GIS_POOLED_AR1","DefInd","GIS",1,"POOLED_AR1","raw","DE",34,0.042366439134532,0.0862116007488276,-0.496819894168193,2.53412854315354,1.70617134463168,0.426098102223185,8,63.5729266319496,9.23595644408692e-11,5.97924056144504,0.0503065354585804
"DefInd_s1_GIS_POOLED_AR1","DefInd","GIS",1,"POOLED_AR1","raw","ES",44,0.00268110295547935,0.0674094634285626,0.375648228528731,1.73117201072622,3.98634652671136,0.136262342367813,8,102.48017485624,0,3.41987807557517,0.180876818932081
"DefInd_s1_GIS_POOLED_AR1","DefInd","GIS",1,"POOLED_AR1","raw","IT",44,-0.00254137914733727,0.0562023022108941,-0.194915028968897,2.46419827483235,0.804926765068098,0.668670823508987,8,47.2116279262994,1.39730705450702e-07,7.95307207237501,0.018750477950683
"DefInd_s2_FRUK_FE_AR1","DefInd","FRUK",2,"FE_AR1","innov","FR",43,0.0114057290713855,0.0353614741712378,-0.0479408585428879,2.11056484974113,1.43384967408563,0.488251402345135,8,13.3619787921527,0.0999871342015294,3.81694763388372,0.148306556917483
"DefInd_s2_FRUK_FE_AR1","DefInd","FRUK",2,"FE_AR1","innov","UK",43,0.0169177835574298,0.0480778660753169,0.850910785500982,4.73628095037266,10.5903055216936,0.00501584809176073,8,13.2394134844958,0.10387334038098,2.95335284724536,0.228395518282695
"DefInd_s2_FRUK_FE_AR1","DefInd","FRUK",2,"FE_AR1","raw","FR",44,0.0197495906142596,0.123456963183469,-0.830220639533761,3.3142594189213,5.23567774328892,0.0729603692931985,8,104.051841451436,0,10.6935812583915,0.00476341405590619
"DefInd_s2_FRUK_FE_AR1","DefInd","FRUK",2,"FE_AR1","raw","UK",44,0.0156956759005215,0.159128371848817,-0.906532090898558,3.41353245467455,6.3400531670388,0.0420024813148273,8,126.86301901239,0,4.75508593084421,0.0927782570732274
"DefInd_s2_FRUK_POOLED_AR1","DefInd","FRUK",2,"POOLED_AR1","innov","FR",43,0.00546194910417766,0.038187365974268,-0.03750569885939,2.45374821144919,0.544698426256466,0.761588258028649,8,11.49547509619,0.175173476283666,2.69962038948402,0.25928947048044
"DefInd_s2_FRUK_POOLED_AR1","DefInd","FRUK",2,"POOLED_AR1","innov","UK",43,0.022639133595554,0.0475479358434885,0.808414925353666,4.69906002031873,9.85585749615427,0.00724148670205638,8,13.008342948083,0.111562879416901,3.58791003423345,0.166301143427275
"DefInd_s2_FRUK_POOLED_AR1","DefInd","FRUK",2,"POOLED_AR1","raw","FR",44,-0.0106168020743933,0.129510097510517,-0.910193291017976,3.32592133498013,6.27005871186156,0.0434984768722836,8,103.556579978154,0,6.03367364918556,0.0489558295780603
"DefInd_s2_FRUK_POOLED_AR1","DefInd","FRUK",2,"POOLED_AR1","raw","UK",44,0.0435249643736275,0.151757895479027,-1.01526985805024,3.66172818786354,8.36178884433676,0.015284830359925,8,119.683475952801,0,1.42365120854813,0.490747468497928
"DefInd_s2_GIS_FE_AR1","DefInd","GIS",2,"FE_AR1","innov","DE",33,0.00909463751030523,0.0380359630817111,0.675374085462423,3.87823203668624,3.56924168083847,0.167860694926432,8,7.52608170183323,0.481075379901543,2.61119172789503,0.271011001239275
"DefInd_s2_GIS_FE_AR1","DefInd","GIS",2,"FE_AR1","innov","ES",43,0.0051355516360839,0.0268583200480637,-0.480563879196166,3.34905382692549,1.87337587949479,0.391923763196449,8,17.5363831082426,0.0249839378153628,0.50027387753298,0.778694142354621
"DefInd_s2_GIS_FE_AR1","DefInd","GIS",2,"FE_AR1","innov","IT",43,0.00595319932948147,0.0337094786645177,0.0922066786582451,2.71191720501544,0.209624969761784,0.900493362875913,8,6.66322741060047,0.573364703427864,3.24948615664237,0.196962272581869
"DefInd_s2_GIS_FE_AR1","DefInd","GIS",2,"FE_AR1","raw","DE",34,0.0147584017291741,0.0916289285361724,-0.215799464810379,2.40306152762869,0.768701999116265,0.680892392302599,8,72.7780505311348,1.37234668073916e-12,4.67153316531739,0.0967362977273985
"DefInd_s2_GIS_FE_AR1","DefInd","GIS",2,"FE_AR1","raw","ES",44,0.00811913949507251,0.0740462247521654,0.205275542513813,2.04992979376622,1.96384024868249,0.374591146295367,8,113.886060992271,0,12.5736566439128,0.00186065198714323
"DefInd_s2_GIS_FE_AR1","DefInd","GIS",2,"FE_AR1","raw","IT",44,0.0154234581783736,0.0655665172784836,-0.493004104061132,3.18780045865743,1.84704886438677,0.397116959967696,8,48.7110084512132,7.2223628300172e-08,3.170775032758,0.204868387876534
"DefInd_s2_GIS_POOLED_AR1","DefInd","GIS",2,"POOLED_AR1","innov","DE",33,0.0203848938020049,0.0373711436659065,0.74622377872827,4.41465007839628,5.81437251458883,0.0546292264053491,8,13.1580421114594,0.106526333660799,3.07640500526843,0.214766797431994
"DefInd_s2_GIS_POOLED_AR1","DefInd","GIS",2,"POOLED_AR1","innov","ES",43,-0.000316141404513045,0.0275591012246911,-0.383568396564117,3.23501279989728,1.15334936024688,0.561763306775466,8,13.5856088617293,0.0932265199861806,0.571330358367195,0.75151419642413
"DefInd_s2_GIS_POOLED_AR1","DefInd","GIS",2,"POOLED_AR1","innov","IT",43,0.00197299946491733,0.0345681586883807,0.147904166107072,3.00671362167824,0.156856192137671,0.924568537654008,8,6.15057536892693,0.630369544370716,2.96665441644951,0.22688154900889
"DefInd_s2_GIS_POOLED_AR1","DefInd","GIS",2,"POOLED_AR1","raw","DE",34,0.0856791149691975,0.0897066482352408,-0.325595283152495,2.68268651777898,0.74337741616211,0.689568866332806,8,63.3975051534553,1.000208804669e-10,12.6306777967476,0.0018083528089168
"DefInd_s2_GIS_POOLED_AR1","DefInd","GIS",2,"POOLED_AR1","raw","ES",44,-0.0163316997187313,0.0746647197066121,0.318003837231533,2.18929433321443,1.94654064024595,0.377845340152965,8,132.321194895779,0,8.62222816818231,0.0134185918240086
"DefInd_s2_GIS_POOLED_AR1","DefInd","GIS",2,"POOLED_AR1","raw","IT",44,-0.00587636854659523,0.0721029098130612,-0.439058377214297,3.0077361648483,1.41377295153374,0.493177329066522,8,54.7914211065932,4.84676199175027e-09,2.79417178045054,0.247316622637587
"DefInd_s3_FRUK_FE_AR1","DefInd","FRUK",3,"FE_AR1","innov","FR",43,0.00672024774285192,0.0424505823158398,0.133067480034428,3.87267762495625,1.49137268020899,0.474408582540127,8,6.40515356559472,0.601946137744195,2.49242649705392,0.287591776082926
"DefInd_s3_FRUK_FE_AR1","DefInd","FRUK",3,"FE_AR1","innov","UK",43,0.0155550316640854,0.0439309860535018,0.428093870129325,3.99000632591718,3.06942953303273,0.215517155112474,8,6.0499057200201,0.641641597495863,3.62913280323491,0.162908529953483
"DefInd_s3_FRUK_FE_AR1","DefInd","FRUK",3,"FE_AR1","raw","FR",44,0.0104457874078762,0.0938201134974285,-0.395781883604409,3.23919560982134,1.2536108517453,0.534295925521616,8,82.0094153858309,1.92068583260152e-14,9.88924088519473,0.00712161721367804
"DefInd_s3_FRUK_FE_AR1","DefInd","FRUK",3,"FE_AR1","raw","UK",44,0.0191982483284402,0.12522021319211,-1.72100440104526,5.71337154113569,35.2179844755084,2.25170679950182e-08,8,76.8436878262263,2.10609307771392e-13,2.77494611454437,0.24970549955929
"DefInd_s3_FRUK_POOLED_AR1","DefInd","FRUK",3,"POOLED_AR1","innov","FR",43,-0.00172904770111727,0.0413740122659464,-0.0745487375545139,2.85710700522112,0.0764118331980352,0.962514722725487,8,6.25401743700102,0.618801580801918,1.26800022256702,0.530465629829896
"DefInd_s3_FRUK_POOLED_AR1","DefInd","FRUK",3,"POOLED_AR1","innov","UK",43,0.0268922311051221,0.043294635349321,0.639155172321877,4.45674520111686,6.72982952010875,0.0345649623079435,8,10.1266432591792,0.256249531445922,3.77793876702964,0.151227586192571
"DefInd_s3_FRUK_POOLED_AR1","DefInd","FRUK",3,"POOLED_AR1","raw","FR",44,-0.036588338934529,0.117439498169535,-0.925993905537852,3.40352848451987,6.58660583201844,0.0371310060429564,8,99.2306841927134,0,10.179399551309,0.0061598689522125
"DefInd_s3_FRUK_POOLED_AR1","DefInd","FRUK",3,"POOLED_AR1","raw","UK",44,0.0684106683182471,0.130012520436425,-1.59440865598234,5.10824745533581,26.7909825003619,1.52199094160626e-06,8,91.0536807297682,3.33066907387547e-16,0.0361060594092492,0.982108950029828
"DefInd_s3_GIS_FE_AR1","DefInd","GIS",3,"FE_AR1","innov","DE",33,0.00846364660808333,0.038544942262542,0.588387666874306,3.77068890611855,2.72079716718339,0.256558496564228,8,4.51991490841077,0.807437391399642,2.39273420123967,0.302290410161305
"DefInd_s3_GIS_FE_AR1","DefInd","GIS",3,"FE_AR1","innov","ES",43,0.00156343929159606,0.0282627399159134,-0.154192368072068,2.69251885700874,0.3397820561509,0.843756757384514,8,26.1321135936298,0.000996993820575831,2.89442797768095,0.235224714730779
"DefInd_s3_GIS_FE_AR1","DefInd","GIS",3,"FE_AR1","innov","IT",43,0.00398939101389044,0.0322338900696711,0.0215304467402589,2.47707821273008,0.493248406433461,0.781434298855799,8,7.99172477270578,0.43427889055828,2.57010853938605,0.276635570297113
"DefInd_s3_GIS_FE_AR1","DefInd","GIS",3,"FE_AR1","raw","DE",34,0.0139312804247362,0.0845402982973468,-0.447774485180769,2.4753395130604,1.5261418285677,0.466232466411086,8,63.703999760945,8.70195027147247e-11,3.28459016598344,0.193535352490292
"DefInd_s3_GIS_FE_AR1","DefInd","GIS",3,"FE_AR1","raw","ES",44,0.00396028973085897,0.0611461186050245,0.422886212054925,1.87656330943359,3.62530848367502,0.163220335107902,8,90.1731940541629,4.44089209850063e-16,2.24188238211175,0.325972847469245
"DefInd_s3_GIS_FE_AR1","DefInd","GIS",3,"FE_AR1","raw","IT",44,0.00969936446791236,0.0527867445783068,-0.23007720999696,2.38167891751793,1.08911559401651,0.580098247811676,8,40.8340940236326,2.23890515183012e-06,2.54931137682327,0.279527196107152
"DefInd_s3_GIS_POOLED_AR1","DefInd","GIS",3,"POOLED_AR1","innov","DE",33,0.0128123779380539,0.0381092414625735,0.724321579079151,4.27026171611264,5.1041812622629,0.0779185965578374,8,5.69984627839937,0.680812272582024,2.14728042342375,0.341762163668385
"DefInd_s3_GIS_POOLED_AR1","DefInd","GIS",3,"POOLED_AR1","innov","ES",43,0.00065674610937969,0.0279627577445889,-0.264180464687284,3.14770207855999,0.539257939796726,0.763662783659408,8,22.6019134651523,0.00391476646632338,2.18509881904741,0.33536043186542
"DefInd_s3_GIS_POOLED_AR1","DefInd","GIS",3,"POOLED_AR1","innov","IT",43,0.00113050763432787,0.0319334672287214,0.1067130538647,2.84107690329641,0.126862996976431,0.938538408398532,8,7.60024469477787,0.473459812754209,2.77489029097888,0.249712469382214
"DefInd_s3_GIS_POOLED_AR1","DefInd","GIS",3,"POOLED_AR1","raw","DE",34,0.0435016671912526,0.0854946692680179,-0.508423312190651,2.53489656198473,1.77125587622314,0.412455095671327,8,63.1328036785326,1.12796549878169e-10,6.11193044292015,0.0470772588529219
"DefInd_s3_GIS_POOLED_AR1","DefInd","GIS",3,"POOLED_AR1","raw","ES",44,0.00360174134366168,0.0656856982052747,0.39486449396709,1.79437269899246,3.8082166160835,0.148955405758886,8,99.2984714225028,0,3.16821534106453,0.205130755691251
"DefInd_s3_GIS_POOLED_AR1","DefInd","GIS",3,"POOLED_AR1","raw","IT",44,-0.00503084450715048,0.0545745804904433,-0.201710733225715,2.41331355660685,0.929408081167723,0.62832103520114,8,44.6049306144005,4.37197629099551e-07,7.91525443371358,0.0191084006339475
