"model","military","table","block","spec","method","term","b","se","z","p","N","years","R2","rho"
"DefGDP_s1_FRUK_FE_AR1","DefGDP",2,"FRUK",1,"FE_AR1","DefGDP",-0.194235614750765,0.017055838972146,-11.3882181385491,4.78678307315607e-30,88,44,0.934991253193619,0.61515428303366
"DefGDP_s1_FRUK_FE_AR1","DefGDP",2,"FRUK",1,"FE_AR1","Exportman_GDP",0.00426358354357527,0.0053885058648295,0.791236689822212,0.428805884998942,88,44,0.934991253193619,0.61515428303366
"DefGDP_s1_FRUK_FE_AR1","DefGDP",2,"FRUK",1,"FE_AR1","Importman_GDP",-0.005419845986529,0.00492720959347763,-1.09998283687861,0.271339600010077,88,44,0.934991253193619,0.61515428303366
"DefGDP_s1_FRUK_FE_AR1","DefGDP",2,"FRUK",1,"FE_AR1","MInvGDP",-0.0279251987232331,0.0211682285443912,-1.31920338372538,0.187101127374326,88,44,0.934991253193619,0.61515428303366
"DefGDP_s1_FRUK_FE_AR1","DefGDP",2,"FRUK",1,"FE_AR1","Log_CivGBARD",0.302143044754601,0.0595302108579456,5.07545732494703,3.86565112021166e-07,88,44,0.934991253193619,0.61515428303366
"DefGDP_s1_FRUK_FE_AR1","DefGDP",2,"FRUK",1,"FE_AR1","D0910",-0.0341974868165104,0.0247037125521028,-1.3843055672051,0.166264910083023,88,44,0.934991253193619,0.61515428303366
"DefGDP_s1_FRUK_FE_AR1","DefGDP",2,"FRUK",1,"FE_AR1","D20",-0.0389855177156799,0.0230837998103552,-1.68886916521392,0.0912445055226722,88,44,0.934991253193619,0.61515428303366
"DefGDP_s1_FRUK_FE_AR1","DefGDP",2,"FRUK",1,"FE_AR1","FE_UK",0.187865479858429,0.0371921804945602,5.05120908105689,4.39022193601446e-07,88,44,0.934991253193619,0.61515428303366
"DefGDP_s1_FRUK_FE_AR1","DefGDP",2,"FRUK",1,"FE_AR1","_cons",8.95015740392737,0.619869667832519,14.438772968555,2.95048033399305e-47,88,44,0.934991253193619,0.61515428303366
"DefGDP_s2_FRUK_FE_AR1","DefGDP",2,"FRUK",2,"FE_AR1","DefGDP",-0.189331144905375,0.0256303519794807,-7.38698965417841,1.50190279327666e-13,88,44,0.872490697442475,0.818481017233828
"DefGDP_s2_FRUK_FE_AR1","DefGDP",2,"FRUK",2,"FE_AR1","Exportman_GDP",0.000916575791159325,0.00580401173320788,0.157921078263006,0.874518988426704,88,44,0.872490697442475,0.818481017233828
"DefGDP_s2_FRUK_FE_AR1","DefGDP",2,"FRUK",2,"FE_AR1","Importman_GDP",-0.00534203200985431,0.0058555551924686,-0.91230153832812,0.361610004761834,88,44,0.872490697442475,0.818481017233828
"DefGDP_s2_FRUK_FE_AR1","DefGDP",2,"FRUK",2,"FE_AR1","MInvGDP",-0.0298701801252892,0.0208961914447902,-1.42945570747708,0.152873296784065,88,44,0.872490697442475,0.818481017233828
"DefGDP_s2_FRUK_FE_AR1","DefGDP",2,"FRUK",2,"FE_AR1","Log_DefGBARD",-0.0535591415495136,0.026730406489944,-2.00367852878191,0.0451045077274926,88,44,0.872490697442475,0.818481017233828
"DefGDP_s2_FRUK_FE_AR1","DefGDP",2,"FRUK",2,"FE_AR1","D0910",-0.0313207056594882,0.0277878856477762,-1.12713525802186,0.259685298241926,88,44,0.872490697442475,0.818481017233828
"DefGDP_s2_FRUK_FE_AR1","DefGDP",2,"FRUK",2,"FE_AR1","D20",-0.0329463507426585,0.0234391865939999,-1.40560981544864,0.159840019790262,88,44,0.872490697442475,0.818481017233828
"DefGDP_s2_FRUK_FE_AR1","DefGDP",2,"FRUK",2,"FE_AR1","FE_UK",0.105659568477069,0.0451380613520369,2.34080873905987,0.0192420216366078,88,44,0.872490697442475,0.818481017233828
"DefGDP_s2_FRUK_FE_AR1","DefGDP",2,"FRUK",2,"FE_AR1","_cons",12.2963171441941,0.204802693160282,60.0398215201727,0,88,44,0.872490697442475,0.818481017233828
"DefGDP_s3_FRUK_FE_AR1","DefGDP",2,"FRUK",3,"FE_AR1","DefGDP",-0.185159039758634,0.0191406040564841,-9.6736257232127,3.90300012951086e-22,88,44,0.935723631656591,0.6190642012055
"DefGDP_s3_FRUK_FE_AR1","DefGDP",2,"FRUK",3,"FE_AR1","Exportman_GDP",0.00369329371939701,0.00541806518133339,0.681662843799175,0.495452167329387,88,44,0.935723631656591,0.6190642012055
"DefGDP_s3_FRUK_FE_AR1","DefGDP",2,"FRUK",3,"FE_AR1","Importman_GDP",-0.00546900786672674,0.00499200106475639,-1.09555422680857,0.273273902364436,88,44,0.935723631656591,0.6190642012055
"DefGDP_s3_FRUK_FE_AR1","DefGDP",2,"FRUK",3,"FE_AR1","MInvGDP",-0.0266748397405095,0.0208741071315474,-1.27789129242301,0.201287758748983,88,44,0.935723631656591,0.6190642012055
"DefGDP_s3_FRUK_FE_AR1","DefGDP",2,"FRUK",3,"FE_AR1","Log_CivGBARD",0.275472262900138,0.061114337367651,4.50748997314583,6.55990296823849e-06,88,44,0.935723631656591,0.6190642012055
"DefGDP_s3_FRUK_FE_AR1","DefGDP",2,"FRUK",3,"FE_AR1","Log_DefGBARD",-0.0275770631701789,0.0225115690310672,-1.22501737360559,0.220568674613944,88,44,0.935723631656591,0.6190642012055
"DefGDP_s3_FRUK_FE_AR1","DefGDP",2,"FRUK",3,"FE_AR1","D0910",-0.0289363070314313,0.0254403531511013,-1.13741766317338,0.255363726803247,88,44,0.935723631656591,0.6190642012055
"DefGDP_s3_FRUK_FE_AR1","DefGDP",2,"FRUK",3,"FE_AR1","D20",-0.0395541709185765,0.0231191213922097,-1.71088555864864,0.0871022410246971,88,44,0.935723631656591,0.6190642012055
"DefGDP_s3_FRUK_FE_AR1","DefGDP",2,"FRUK",3,"FE_AR1","FE_UK",0.181884794058116,0.0369957486629926,4.91637014066047,8.81636331614968e-07,88,44,0.935723631656591,0.6190642012055
"DefGDP_s3_FRUK_FE_AR1","DefGDP",2,"FRUK",3,"FE_AR1","_cons",9.40939736954985,0.688135466527861,13.6737573155865,1.45674691547505e-42,88,44,0.935723631656591,0.6190642012055
"DefGDP_s1_GIS_FE_AR1","DefGDP",2,"GIS",1,"FE_AR1","DefGDP",-0.0664817000812457,0.0281805532577989,-2.35913395571277,0.0183176422249106,118,44,0.811554223248045,0.821756827512169
"DefGDP_s1_GIS_FE_AR1","DefGDP",2,"GIS",1,"FE_AR1","Exportman_GDP",0.0156198471886346,0.00277561027720309,5.62753615553487,1.82801855331806e-08,118,44,0.811554223248045,0.821756827512169
"DefGDP_s1_GIS_FE_AR1","DefGDP",2,"GIS",1,"FE_AR1","Importman_GDP",-0.00817664938237904,0.00304797952310067,-2.68264577252181,0.00730423111945047,118,44,0.811554223248045,0.821756827512169
"DefGDP_s1_GIS_FE_AR1","DefGDP",2,"GIS",1,"FE_AR1","MInvGDP",0.0153242017001375,0.0131408831698513,1.16614701630522,0.243555010170281,118,44,0.811554223248045,0.821756827512169
"DefGDP_s1_GIS_FE_AR1","DefGDP",2,"GIS",1,"FE_AR1","Log_CivGBARD",0.04731132821477,0.0287963701997228,1.64296152211661,0.10039089461708,118,44,0.811554223248045,0.821756827512169
"DefGDP_s1_GIS_FE_AR1","DefGDP",2,"GIS",1,"FE_AR1","D0910",-0.030923482220125,0.0219082914139385,-1.41149675416728,0.158098192009521,118,44,0.811554223248045,0.821756827512169
"DefGDP_s1_GIS_FE_AR1","DefGDP",2,"GIS",1,"FE_AR1","D20",-0.0168723811113867,0.0191147908856246,-0.882687192988106,0.377405303616029,118,44,0.811554223248045,0.821756827512169
"DefGDP_s1_GIS_FE_AR1","DefGDP",2,"GIS",1,"FE_AR1","FE_ES",-0.0631324884156684,0.0671772274970002,-0.9397900265903,0.347325275610587,118,44,0.811554223248045,0.821756827512169
"DefGDP_s1_GIS_FE_AR1","DefGDP",2,"GIS",1,"FE_AR1","FE_IT",-0.0674302362807668,0.0395656099921513,-1.70426378600363,0.0883318173044015,118,44,0.811554223248045,0.821756827512169
"DefGDP_s1_GIS_FE_AR1","DefGDP",2,"GIS",1,"FE_AR1","_cons",10.6309222107016,0.311597868700388,34.1174419935574,4.0666405900751e-255,118,44,0.811554223248045,0.821756827512169
"DefGDP_s2_GIS_FE_AR1","DefGDP",2,"GIS",2,"FE_AR1","DefGDP",-0.0727947118908437,0.027630907960357,-2.63453926288939,0.00842515590778242,118,44,0.80501279152187,0.809403076217498
"DefGDP_s2_GIS_FE_AR1","DefGDP",2,"GIS",2,"FE_AR1","Exportman_GDP",0.0164942319946835,0.00274903568435927,6.00000650720104,1.97309621763662e-09,118,44,0.80501279152187,0.809403076217498
"DefGDP_s2_GIS_FE_AR1","DefGDP",2,"GIS",2,"FE_AR1","Importman_GDP",-0.00857758011796845,0.0030489522142991,-2.81328781662794,0.00490377373877339,118,44,0.80501279152187,0.809403076217498
"DefGDP_s2_GIS_FE_AR1","DefGDP",2,"GIS",2,"FE_AR1","MInvGDP",0.01383280325635,0.0132076507095973,1.04733260747867,0.294946202092486,118,44,0.80501279152187,0.809403076217498
"DefGDP_s2_GIS_FE_AR1","DefGDP",2,"GIS",2,"FE_AR1","Log_DefGBARD",-0.00482511261784953,0.00701097833369822,-0.688222440320156,0.491312714636645,118,44,0.80501279152187,0.809403076217498
"DefGDP_s2_GIS_FE_AR1","DefGDP",2,"GIS",2,"FE_AR1","D0910",-0.0276182398136395,0.0218234846065109,-1.26552841178259,0.205681970178473,118,44,0.80501279152187,0.809403076217498
"DefGDP_s2_GIS_FE_AR1","DefGDP",2,"GIS",2,"FE_AR1","D20",-0.0145283091183305,0.0193668155450443,-0.75016509991226,0.453155275382979,118,44,0.80501279152187,0.809403076217498
"DefGDP_s2_GIS_FE_AR1","DefGDP",2,"GIS",2,"FE_AR1","FE_ES",-0.151070826090947,0.0468948535805022,-3.22147985453481,0.00127530427691826,118,44,0.80501279152187,0.809403076217498
"DefGDP_s2_GIS_FE_AR1","DefGDP",2,"GIS",2,"FE_AR1","FE_IT",-0.119178093565745,0.0351902913036305,-3.38667539115966,0.000707450397734233,118,44,0.80501279152187,0.809403076217498
"DefGDP_s2_GIS_FE_AR1","DefGDP",2,"GIS",2,"FE_AR1","_cons",11.1507666292496,0.107489043937608,103.738634383259,0,118,44,0.80501279152187,0.809403076217498
"DefGDP_s3_GIS_FE_AR1","DefGDP",2,"GIS",3,"FE_AR1","DefGDP",-0.0646531532570696,0.0278153998079647,-2.32436541280837,0.0201059176608648,118,44,0.823841988592949,0.789702826629242
"DefGDP_s3_GIS_FE_AR1","DefGDP",2,"GIS",3,"FE_AR1","Exportman_GDP",0.0157026934016589,0.00270482467100959,5.80543854467202,6.41977489395949e-09,118,44,0.823841988592949,0.789702826629242
"DefGDP_s3_GIS_FE_AR1","DefGDP",2,"GIS",3,"FE_AR1","Importman_GDP",-0.00855825167615305,0.0029661148778109,-2.88534059829448,0.00390990405150987,118,44,0.823841988592949,0.789702826629242
"DefGDP_s3_GIS_FE_AR1","DefGDP",2,"GIS",3,"FE_AR1","MInvGDP",0.0153185373106216,0.0131830242869961,1.16198961460853,0.245239683488396,118,44,0.823841988592949,0.789702826629242
"DefGDP_s3_GIS_FE_AR1","DefGDP",2,"GIS",3,"FE_AR1","Log_CivGBARD",0.05334805556208,0.028198507453651,1.89187515154008,0.058507617244553,118,44,0.823841988592949,0.789702826629242
"DefGDP_s3_GIS_FE_AR1","DefGDP",2,"GIS",3,"FE_AR1","Log_DefGBARD",-0.00717209827607542,0.0070529635104085,-1.01689144789862,0.309205072150645,118,44,0.823841988592949,0.789702826629242
"DefGDP_s3_GIS_FE_AR1","DefGDP",2,"GIS",3,"FE_AR1","D0910",-0.0339615862380151,0.0220823702146183,-1.53795022490533,0.124060785583439,118,44,0.823841988592949,0.789702826629242
"DefGDP_s3_GIS_FE_AR1","DefGDP",2,"GIS",3,"FE_AR1","D20",-0.0185105826539701,0.0194998918933906,-0.949265911584064,0.342485386297698,118,44,0.823841988592949,0.789702826629242
"DefGDP_s3_GIS_FE_AR1","DefGDP",2,"GIS",3,"FE_AR1","FE_ES",-0.0681646135026952,0.0633768889455428,-1.07554369797587,0.282131379050657,118,44,0.823841988592949,0.789702826629242
"DefGDP_s3_GIS_FE_AR1","DefGDP",2,"GIS",3,"FE_AR1","FE_IT",-0.0756123662305418,0.0380863937641179,-1.98528552476864,0.0471127135973086,118,44,0.823841988592949,0.789702826629242
"DefGDP_s3_GIS_FE_AR1","DefGDP",2,"GIS",3,"FE_AR1","_cons",10.6257821933314,0.300427991554025,35.368815463457,5.15177941109559e-274,118,44,0.823841988592949,0.789702826629242
"DefGDP_s1_FRUK_POOLED_AR1","DefGDP",2,"FRUK",1,"POOLED_AR1","DefGDP",-0.197840270298056,0.0222404279465451,-8.89552443745981,5.81440604376081e-19,88,44,0.863044985066968,0.786052559521648
"DefGDP_s1_FRUK_POOLED_AR1","DefGDP",2,"FRUK",1,"POOLED_AR1","Exportman_GDP",-0.00803309568815421,0.00557510318308525,-1.44088735658319,0.149616508566052,88,44,0.863044985066968,0.786052559521648
"DefGDP_s1_FRUK_POOLED_AR1","DefGDP",2,"FRUK",1,"POOLED_AR1","Importman_GDP",-0.000551538475002606,0.0058568953808114,-0.0941690843257297,0.924974842749131,88,44,0.863044985066968,0.786052559521648
"DefGDP_s1_FRUK_POOLED_AR1","DefGDP",2,"FRUK",1,"POOLED_AR1","MInvGDP",-0.0399481794897628,0.0202026007157362,-1.97737806393641,0.0479989116238946,88,44,0.863044985066968,0.786052559521648
"DefGDP_s1_FRUK_POOLED_AR1","DefGDP",2,"FRUK",1,"POOLED_AR1","Log_CivGBARD",0.120012066674377,0.0617891550706903,1.94228366672236,0.0521027692090572,88,44,0.863044985066968,0.786052559521648
"DefGDP_s1_FRUK_POOLED_AR1","DefGDP",2,"FRUK",1,"POOLED_AR1","D0910",-0.047923009278091,0.025591008956048,-1.87265024838989,0.0611166977136043,88,44,0.863044985066968,0.786052559521648
"DefGDP_s1_FRUK_POOLED_AR1","DefGDP",2,"FRUK",1,"POOLED_AR1","D20",-0.0429292684903056,0.0228017632043641,-1.88271705593755,0.0597387227638921,88,44,0.863044985066968,0.786052559521648
"DefGDP_s1_FRUK_POOLED_AR1","DefGDP",2,"FRUK",1,"POOLED_AR1","_cons",10.8561488158009,0.62073680262844,17.4891335100992,1.73373266451136e-68,88,44,0.863044985066968,0.786052559521648
"DefGDP_s2_FRUK_POOLED_AR1","DefGDP",2,"FRUK",2,"POOLED_AR1","DefGDP",-0.189474256022433,0.0251946041313074,-7.52042997123295,5.45963906536452e-14,88,44,0.858104790213432,0.808714126736058
"DefGDP_s2_FRUK_POOLED_AR1","DefGDP",2,"FRUK",2,"POOLED_AR1","Exportman_GDP",-0.00677972102778415,0.00547980119125697,-1.23722025510728,0.216005323752451,88,44,0.858104790213432,0.808714126736058
"DefGDP_s2_FRUK_POOLED_AR1","DefGDP",2,"FRUK",2,"POOLED_AR1","Importman_GDP",-0.00150135779054989,0.00596544039882949,-0.251675935081755,0.801291559393204,88,44,0.858104790213432,0.808714126736058
"DefGDP_s2_FRUK_POOLED_AR1","DefGDP",2,"FRUK",2,"POOLED_AR1","MInvGDP",-0.0375494986232313,0.020306825590693,-1.84910725979944,0.0644423263074342,88,44,0.858104790213432,0.808714126736058
"DefGDP_s2_FRUK_POOLED_AR1","DefGDP",2,"FRUK",2,"POOLED_AR1","Log_DefGBARD",-0.0495183701133358,0.0271370268681283,-1.82475296037289,0.0680383172936929,88,44,0.858104790213432,0.808714126736058
"DefGDP_s2_FRUK_POOLED_AR1","DefGDP",2,"FRUK",2,"POOLED_AR1","D0910",-0.0374495028095677,0.0278611648506283,-1.34414705954849,0.178900837015634,88,44,0.858104790213432,0.808714126736058
"DefGDP_s2_FRUK_POOLED_AR1","DefGDP",2,"FRUK",2,"POOLED_AR1","D20",-0.0381608360661871,0.0236038128806547,-1.61672337681778,0.105938005510985,88,44,0.858104790213432,0.808714126736058
"DefGDP_s2_FRUK_POOLED_AR1","DefGDP",2,"FRUK",2,"POOLED_AR1","_cons",12.363693591001,0.206933030881104,59.7473179528538,0,88,44,0.858104790213432,0.808714126736058
"DefGDP_s3_FRUK_POOLED_AR1","DefGDP",2,"FRUK",3,"POOLED_AR1","DefGDP",-0.186899817503703,0.0241602294535232,-7.73584612941035,1.02717634797103e-14,88,44,0.872064159755574,0.781448101508363
"DefGDP_s3_FRUK_POOLED_AR1","DefGDP",2,"FRUK",3,"POOLED_AR1","Exportman_GDP",-0.00841317262785167,0.00548993970527129,-1.53247086115965,0.125406282808049,88,44,0.872064159755574,0.781448101508363
"DefGDP_s3_FRUK_POOLED_AR1","DefGDP",2,"FRUK",3,"POOLED_AR1","Importman_GDP",-0.000383244907897209,0.00587703644722777,-0.0652105719163929,0.948006343874731,88,44,0.872064159755574,0.781448101508363
"DefGDP_s3_FRUK_POOLED_AR1","DefGDP",2,"FRUK",3,"POOLED_AR1","MInvGDP",-0.039914849841643,0.0199297342527398,-2.00277882963521,0.0452010331678614,88,44,0.872064159755574,0.781448101508363
"DefGDP_s3_FRUK_POOLED_AR1","DefGDP",2,"FRUK",3,"POOLED_AR1","Log_CivGBARD",0.0897884546102421,0.0636509469497357,1.41063815878728,0.158351334053378,88,44,0.872064159755574,0.781448101508363
"DefGDP_s3_FRUK_POOLED_AR1","DefGDP",2,"FRUK",3,"POOLED_AR1","Log_DefGBARD",-0.038037682062739,0.0275928672373841,-1.37853314537765,0.168038741606258,88,44,0.872064159755574,0.781448101508363
"DefGDP_s3_FRUK_POOLED_AR1","DefGDP",2,"FRUK",3,"POOLED_AR1","D0910",-0.0396133474679602,0.0269198835791486,-1.47152744370127,0.141148531300544,88,44,0.872064159755574,0.781448101508363
"DefGDP_s3_FRUK_POOLED_AR1","DefGDP",2,"FRUK",3,"POOLED_AR1","D20",-0.0418551731996994,0.0231617297065844,-1.80708322435008,0.0707493038830151,88,44,0.872064159755574,0.781448101508363
"DefGDP_s3_FRUK_POOLED_AR1","DefGDP",2,"FRUK",3,"POOLED_AR1","_cons",11.4246910741921,0.716182716396669,15.9522015997164,2.75027894761291e-57,88,44,0.872064159755574,0.781448101508363
"DefGDP_s1_GIS_POOLED_AR1","DefGDP",2,"GIS",1,"POOLED_AR1","DefGDP",-0.0663664284690036,0.0266176090460827,-2.4933279451999,0.0126551900871604,118,44,0.806008417042926,0.824126914603507
"DefGDP_s1_GIS_POOLED_AR1","DefGDP",2,"GIS",1,"POOLED_AR1","Exportman_GDP",0.0155779048205978,0.00269834985968223,5.77312269745198,7.78157342152376e-09,118,44,0.806008417042926,0.824126914603507
"DefGDP_s1_GIS_POOLED_AR1","DefGDP",2,"GIS",1,"POOLED_AR1","Importman_GDP",-0.00842151188663508,0.00292514746749267,-2.87900421439392,0.00398933003027131,118,44,0.806008417042926,0.824126914603507
"DefGDP_s1_GIS_POOLED_AR1","DefGDP",2,"GIS",1,"POOLED_AR1","MInvGDP",0.0171160819942069,0.0118220051437183,1.44781547513551,0.147668663637633,118,44,0.806008417042926,0.824126914603507
"DefGDP_s1_GIS_POOLED_AR1","DefGDP",2,"GIS",1,"POOLED_AR1","Log_CivGBARD",0.0710418130552941,0.0200851732186119,3.53702765129569,0.000404657297619206,118,44,0.806008417042926,0.824126914603507
"DefGDP_s1_GIS_POOLED_AR1","DefGDP",2,"GIS",1,"POOLED_AR1","D0910",-0.0327607021140229,0.0216714560306645,-1.51169824803961,0.130610644531984,118,44,0.806008417042926,0.824126914603507
"DefGDP_s1_GIS_POOLED_AR1","DefGDP",2,"GIS",1,"POOLED_AR1","D20",-0.0179245027127361,0.0188912611353446,-0.948825098775449,0.342709574362848,118,44,0.806008417042926,0.824126914603507
"DefGDP_s1_GIS_POOLED_AR1","DefGDP",2,"GIS",1,"POOLED_AR1","_cons",10.3642755181603,0.168179679357572,61.6262057208735,0,118,44,0.806008417042926,0.824126914603507
"DefGDP_s2_GIS_POOLED_AR1","DefGDP",2,"GIS",2,"POOLED_AR1","DefGDP",-0.0659035005948546,0.0284426956052134,-2.31706240187638,0.0205003327467142,118,44,0.684220437915256,0.873267101969176
"DefGDP_s2_GIS_POOLED_AR1","DefGDP",2,"GIS",2,"POOLED_AR1","Exportman_GDP",0.0174887327869182,0.0026830581847822,6.51820854505169,7.11520252822818e-11,118,44,0.684220437915256,0.873267101969176
"DefGDP_s2_GIS_POOLED_AR1","DefGDP",2,"GIS",2,"POOLED_AR1","Importman_GDP",-0.00931481786727573,0.0030729312178873,-3.03124840967961,0.00243544790606967,118,44,0.684220437915256,0.873267101969176
"DefGDP_s2_GIS_POOLED_AR1","DefGDP",2,"GIS",2,"POOLED_AR1","MInvGDP",0.0243655728828275,0.0124045042387418,1.96425205021325,0.0495008693360636,118,44,0.684220437915256,0.873267101969176
"DefGDP_s2_GIS_POOLED_AR1","DefGDP",2,"GIS",2,"POOLED_AR1","Log_DefGBARD",0.0034755426160052,0.00651454013807193,0.533505442033218,0.593683744903822,118,44,0.684220437915256,0.873267101969176
"DefGDP_s2_GIS_POOLED_AR1","DefGDP",2,"GIS",2,"POOLED_AR1","D0910",-0.0224328715746128,0.0214395370688442,-1.04633190085117,0.295407821807344,118,44,0.684220437915256,0.873267101969176
"DefGDP_s2_GIS_POOLED_AR1","DefGDP",2,"GIS",2,"POOLED_AR1","D20",-0.0130861838555295,0.0188465782287399,-0.694353303645003,0.487460670527967,118,44,0.684220437915256,0.873267101969176
"DefGDP_s2_GIS_POOLED_AR1","DefGDP",2,"GIS",2,"POOLED_AR1","_cons",10.9495851487589,0.0800696169531677,136.750812173403,0,118,44,0.684220437915256,0.873267101969176
"DefGDP_s3_GIS_POOLED_AR1","DefGDP",2,"GIS",3,"POOLED_AR1","DefGDP",-0.0663827903567487,0.0266158997579203,-2.49410280924261,0.0126275963682306,118,44,0.807494412340561,0.826137911736237
"DefGDP_s3_GIS_POOLED_AR1","DefGDP",2,"GIS",3,"POOLED_AR1","Exportman_GDP",0.0154675399262035,0.00272005127574326,5.68648836297284,1.29678218111671e-08,118,44,0.807494412340561,0.826137911736237
"DefGDP_s3_GIS_POOLED_AR1","DefGDP",2,"GIS",3,"POOLED_AR1","Importman_GDP",-0.00842987579014087,0.00291836640190408,-2.88855977256346,0.00387010467306448,118,44,0.807494412340561,0.826137911736237
"DefGDP_s3_GIS_POOLED_AR1","DefGDP",2,"GIS",3,"POOLED_AR1","MInvGDP",0.0176570560390713,0.0118496106700992,1.49009587999599,0.13619902734914,118,44,0.807494412340561,0.826137911736237
"DefGDP_s3_GIS_POOLED_AR1","DefGDP",2,"GIS",3,"POOLED_AR1","Log_CivGBARD",0.0731778298691304,0.0215954610936378,3.38857455054244,0.00070256927438789,118,44,0.807494412340561,0.826137911736237
"DefGDP_s3_GIS_POOLED_AR1","DefGDP",2,"GIS",3,"POOLED_AR1","Log_DefGBARD",-0.0025965129909669,0.00664376766858101,-0.390819354392245,0.695930767784975,118,44,0.807494412340561,0.826137911736237
"DefGDP_s3_GIS_POOLED_AR1","DefGDP",2,"GIS",3,"POOLED_AR1","D0910",-0.0335318986285387,0.0217634261954811,-1.54074539217089,0.123378764559847,118,44,0.807494412340561,0.826137911736237
"DefGDP_s3_GIS_POOLED_AR1","DefGDP",2,"GIS",3,"POOLED_AR1","D20",-0.0187410276278482,0.0190092831090411,-0.985888185280098,0.324187985175332,118,44,0.807494412340561,0.826137911736237
"DefGDP_s3_GIS_POOLED_AR1","DefGDP",2,"GIS",3,"POOLED_AR1","_cons",10.3604620714675,0.170820916788343,60.6510154977377,0,118,44,0.807494412340561,0.826137911736237
"DefInd_s1_FRUK_FE_AR1","DefInd",3,"FRUK",1,"FE_AR1","DefInd",0.0541532373995916,0.0152636224755713,3.5478627361402,0.000388370563663968,88,44,0.753570843214457,0.694862849698844
"DefInd_s1_FRUK_FE_AR1","DefInd",3,"FRUK",1,"FE_AR1","Exportman_GDP",0.0108253287175111,0.0084085962540248,1.28741211856016,0.197950682631917,88,44,0.753570843214457,0.694862849698844
"DefInd_s1_FRUK_FE_AR1","DefInd",3,"FRUK",1,"FE_AR1","Importman_GDP",0.00096282063694213,0.00873116501347488,0.110274016749907,0.912192063199916,88,44,0.753570843214457,0.694862849698844
"DefInd_s1_FRUK_FE_AR1","DefInd",3,"FRUK",1,"FE_AR1","MInvGDP",-0.0546913832192345,0.0308392549343644,-1.77343399948004,0.0761568193467139,88,44,0.753570843214457,0.694862849698844
"DefInd_s1_FRUK_FE_AR1","DefInd",3,"FRUK",1,"FE_AR1","Log_CivGBARD",0.537360640056971,0.0843442671681324,6.37103929050439,1.87751531370349e-10,88,44,0.753570843214457,0.694862849698844
"DefInd_s1_FRUK_FE_AR1","DefInd",3,"FRUK",1,"FE_AR1","D0910",-0.00498087057893872,0.0422243760288851,-0.117961970013041,0.906097790972304,88,44,0.753570843214457,0.694862849698844
"DefInd_s1_FRUK_FE_AR1","DefInd",3,"FRUK",1,"FE_AR1","D20",-0.0558756504104091,0.0392523965586735,-1.42349653292857,0.154592266468578,88,44,0.753570843214457,0.694862849698844
"DefInd_s1_FRUK_FE_AR1","DefInd",3,"FRUK",1,"FE_AR1","FE_UK",0.2490861678452,0.0547508979711541,4.5494444305997,5.3787735314941e-06,88,44,0.753570843214457,0.694862849698844
"DefInd_s1_FRUK_FE_AR1","DefInd",3,"FRUK",1,"FE_AR1","_cons",5.56190424776317,0.858565504412149,6.47813616920395,9.28625322505734e-11,88,44,0.753570843214457,0.694862849698844
"DefInd_s2_FRUK_FE_AR1","DefInd",3,"FRUK",2,"FE_AR1","DefInd",0.0313379415785124,0.0157003369387333,1.9960043979184,0.0459334440929111,88,44,0.631286129088918,0.777556115130165
"DefInd_s2_FRUK_FE_AR1","DefInd",3,"FRUK",2,"FE_AR1","Exportman_GDP",0.000749487548155066,0.00821734669198432,0.0912079745748295,0.927327338573088,88,44,0.631286129088918,0.777556115130165
"DefInd_s2_FRUK_FE_AR1","DefInd",3,"FRUK",2,"FE_AR1","Importman_GDP",0.000610974460372217,0.00895502126086335,0.068227025104049,0.945604914168549,88,44,0.631286129088918,0.777556115130165
"DefInd_s2_FRUK_FE_AR1","DefInd",3,"FRUK",2,"FE_AR1","MInvGDP",-0.0573128418965698,0.0285537237285818,-2.00719326282479,0.044729088712853,88,44,0.631286129088918,0.777556115130165
"DefInd_s2_FRUK_FE_AR1","DefInd",3,"FRUK",2,"FE_AR1","Log_DefGBARD",-0.160470121959585,0.0347346593871626,-4.61988471431198,3.8395332567203e-06,88,44,0.631286129088918,0.777556115130165
"DefInd_s2_FRUK_FE_AR1","DefInd",3,"FRUK",2,"FE_AR1","D0910",0.00852934899652493,0.042248965189269,0.201883027390487,0.840008171061058,88,44,0.631286129088918,0.777556115130165
"DefInd_s2_FRUK_FE_AR1","DefInd",3,"FRUK",2,"FE_AR1","D20",-0.0441829377542607,0.037647938490985,-1.17358186198802,0.240562549793647,88,44,0.631286129088918,0.777556115130165
"DefInd_s2_FRUK_FE_AR1","DefInd",3,"FRUK",2,"FE_AR1","FE_UK",0.09053728041684,0.0475367878383605,1.90457295357638,0.0568356051141699,88,44,0.631286129088918,0.777556115130165
"DefInd_s2_FRUK_FE_AR1","DefInd",3,"FRUK",2,"FE_AR1","_cons",12.3453420614124,0.386183768033098,31.967532256183,3.0833395141872e-224,88,44,0.631286129088918,0.777556115130165
"DefInd_s3_FRUK_FE_AR1","DefInd",3,"FRUK",3,"FE_AR1","DefInd",0.0326761481053831,0.0157801968533382,2.07070598732555,0.0383862803709929,88,44,0.776603882713174,0.716940551705676
"DefInd_s3_FRUK_FE_AR1","DefInd",3,"FRUK",3,"FE_AR1","Exportman_GDP",0.00819781625202295,0.00810802070756212,1.01107490319766,0.31198058110776,88,44,0.776603882713174,0.716940551705676
"DefInd_s3_FRUK_FE_AR1","DefInd",3,"FRUK",3,"FE_AR1","Importman_GDP",-0.000777036838260899,0.00837784177063311,-0.0927490467753462,0.926102931219069,88,44,0.776603882713174,0.716940551705676
"DefInd_s3_FRUK_FE_AR1","DefInd",3,"FRUK",3,"FE_AR1","MInvGDP",-0.0500777374375157,0.0285449229229876,-1.75434831520205,0.079370841703881,88,44,0.776603882713174,0.716940551705676
"DefInd_s3_FRUK_FE_AR1","DefInd",3,"FRUK",3,"FE_AR1","Log_CivGBARD",0.384873486724973,0.087223690278074,4.41248800065642,1.02189459856264e-05,88,44,0.776603882713174,0.716940551705676
"DefInd_s3_FRUK_FE_AR1","DefInd",3,"FRUK",3,"FE_AR1","Log_DefGBARD",-0.107662342277213,0.0347147231073087,-3.10134526910703,0.00192643522969911,88,44,0.776603882713174,0.716940551705676
"DefInd_s3_FRUK_FE_AR1","DefInd",3,"FRUK",3,"FE_AR1","D0910",0.00962527458021027,0.0402271315749131,0.239273202024996,0.810893743640223,88,44,0.776603882713174,0.716940551705676
"DefInd_s3_FRUK_FE_AR1","DefInd",3,"FRUK",3,"FE_AR1","D20",-0.051335608540644,0.0367115199556583,-1.39835148756165,0.162007543518674,88,44,0.776603882713174,0.716940551705676
"DefInd_s3_FRUK_FE_AR1","DefInd",3,"FRUK",3,"FE_AR1","FE_UK",0.211196681870054,0.0532250351039098,3.96799516351168,7.24798045147733e-05,88,44,0.776603882713174,0.716940551705676
"DefInd_s3_FRUK_FE_AR1","DefInd",3,"FRUK",3,"FE_AR1","_cons",8.14329874610496,1.07490024593235,7.57586462271356,3.5674366317119e-14,88,44,0.776603882713174,0.716940551705676
"DefInd_s1_GIS_FE_AR1","DefInd",3,"GIS",1,"FE_AR1","DefInd",-0.0381011827059492,0.0159241942151524,-2.39266001099727,0.0167267327848101,122,44,0.819579044729095,0.822627442572937
"DefInd_s1_GIS_FE_AR1","DefInd",3,"GIS",1,"FE_AR1","Exportman_GDP",0.0165419641133824,0.00280747027298286,5.89212440557989,3.81261960214806e-09,122,44,0.819579044729095,0.822627442572937
"DefInd_s1_GIS_FE_AR1","DefInd",3,"GIS",1,"FE_AR1","Importman_GDP",-0.00838734413792934,0.00288982288090752,-2.9023730808358,0.00370347193641569,122,44,0.819579044729095,0.822627442572937
"DefInd_s1_GIS_FE_AR1","DefInd",3,"GIS",1,"FE_AR1","MInvGDP",0.014042051265044,0.0125749898450516,1.11666501826797,0.264137580325937,122,44,0.819579044729095,0.822627442572937
"DefInd_s1_GIS_FE_AR1","DefInd",3,"GIS",1,"FE_AR1","Log_CivGBARD",0.0982009376785747,0.0254106541020343,3.864557649097,0.000111290703752931,122,44,0.819579044729095,0.822627442572937
"DefInd_s1_GIS_FE_AR1","DefInd",3,"GIS",1,"FE_AR1","D0910",-0.0346810725736279,0.022184404323375,-1.56330871309831,0.117979999880941,122,44,0.819579044729095,0.822627442572937
"DefInd_s1_GIS_FE_AR1","DefInd",3,"GIS",1,"FE_AR1","D20",-0.0231460403729242,0.0195783405027213,-1.18222687820283,0.23711569039881,122,44,0.819579044729095,0.822627442572937
"DefInd_s1_GIS_FE_AR1","DefInd",3,"GIS",1,"FE_AR1","FE_ES",-0.0632509795760392,0.0673074827134866,-0.939731765712958,0.347355166812506,122,44,0.819579044729095,0.822627442572937
"DefInd_s1_GIS_FE_AR1","DefInd",3,"GIS",1,"FE_AR1","FE_IT",-0.0561766394161113,0.0366427357415508,-1.53309075535019,0.125253495170261,122,44,0.819579044729095,0.822627442572937
"DefInd_s1_GIS_FE_AR1","DefInd",3,"GIS",1,"FE_AR1","_cons",10.3017247174665,0.259196626836005,39.7448255527817,0,122,44,0.819579044729095,0.822627442572937
"DefInd_s2_GIS_FE_AR1","DefInd",3,"GIS",2,"FE_AR1","DefInd",-0.0201237568135629,0.0162508623156525,-1.23831932254944,0.215597681903203,122,44,0.784714923999634,0.800445284738614
"DefInd_s2_GIS_FE_AR1","DefInd",3,"GIS",2,"FE_AR1","Exportman_GDP",0.01898693815927,0.00286916930110507,6.61757329968543,3.65143177187561e-11,122,44,0.784714923999634,0.800445284738614
"DefInd_s2_GIS_FE_AR1","DefInd",3,"GIS",2,"FE_AR1","Importman_GDP",-0.00966943832428027,0.00310104938757877,-3.11811813220748,0.00182009834397355,122,44,0.784714923999634,0.800445284738614
"DefInd_s2_GIS_FE_AR1","DefInd",3,"GIS",2,"FE_AR1","MInvGDP",0.00903028777068824,0.0133857329978572,0.674620341832146,0.499917005730411,122,44,0.784714923999634,0.800445284738614
"DefInd_s2_GIS_FE_AR1","DefInd",3,"GIS",2,"FE_AR1","Log_DefGBARD",-0.00322844594274122,0.00711494727855904,-0.453755427319914,0.650004868103873,122,44,0.784714923999634,0.800445284738614
"DefInd_s2_GIS_FE_AR1","DefInd",3,"GIS",2,"FE_AR1","D0910",-0.0263616040898089,0.0238054782793864,-1.10737552845707,0.268131601702162,122,44,0.784714923999634,0.800445284738614
"DefInd_s2_GIS_FE_AR1","DefInd",3,"GIS",2,"FE_AR1","D20",-0.016922666896082,0.0214203411890311,-0.790027887359128,0.429511482078145,122,44,0.784714923999634,0.800445284738614
"DefInd_s2_GIS_FE_AR1","DefInd",3,"GIS",2,"FE_AR1","FE_ES",-0.188318321769592,0.0580766064177659,-3.24258480970721,0.00118450688303154,122,44,0.784714923999634,0.800445284738614
"DefInd_s2_GIS_FE_AR1","DefInd",3,"GIS",2,"FE_AR1","FE_IT",-0.134906628350582,0.0344157499335421,-3.91990959404025,8.8582191920172e-05,122,44,0.784714923999634,0.800445284738614
"DefInd_s2_GIS_FE_AR1","DefInd",3,"GIS",2,"FE_AR1","_cons",11.1681889184053,0.148173911119626,75.372167974893,0,122,44,0.784714923999634,0.800445284738614
"DefInd_s3_GIS_FE_AR1","DefInd",3,"GIS",3,"FE_AR1","DefInd",-0.0393472985533594,0.0161092304831382,-2.44253123043617,0.0145846676624373,122,44,0.84182394614161,0.767389805972164
"DefInd_s3_GIS_FE_AR1","DefInd",3,"GIS",3,"FE_AR1","Exportman_GDP",0.0167651980965851,0.00269510968776301,6.22059954468886,4.95258731362214e-10,122,44,0.84182394614161,0.767389805972164
"DefInd_s3_GIS_FE_AR1","DefInd",3,"GIS",3,"FE_AR1","Importman_GDP",-0.00876090912551335,0.00278115283322242,-3.15009985098964,0.00163214669446982,122,44,0.84182394614161,0.767389805972164
"DefInd_s3_GIS_FE_AR1","DefInd",3,"GIS",3,"FE_AR1","MInvGDP",0.0132596921461919,0.0125595708396782,1.0557440469464,0.291085167591396,122,44,0.84182394614161,0.767389805972164
"DefInd_s3_GIS_FE_AR1","DefInd",3,"GIS",3,"FE_AR1","Log_CivGBARD",0.109215733992711,0.0239551184059284,4.5591815553574,5.13533617443288e-06,122,44,0.84182394614161,0.767389805972164
"DefInd_s3_GIS_FE_AR1","DefInd",3,"GIS",3,"FE_AR1","Log_DefGBARD",-0.00972753421724405,0.00683207573116682,-1.42380362864958,0.154503325011388,122,44,0.84182394614161,0.767389805972164
"DefInd_s3_GIS_FE_AR1","DefInd",3,"GIS",3,"FE_AR1","D0910",-0.0379054386457136,0.0225886336211671,-1.67807576506946,0.0933323091745949,122,44,0.84182394614161,0.767389805972164
"DefInd_s3_GIS_FE_AR1","DefInd",3,"GIS",3,"FE_AR1","D20",-0.0246999021672744,0.0202577817998796,-1.21927970254973,0.222738049789433,122,44,0.84182394614161,0.767389805972164
"DefInd_s3_GIS_FE_AR1","DefInd",3,"GIS",3,"FE_AR1","FE_ES",-0.0677228954423123,0.0597648829657134,-1.13315532603259,0.257149030944647,122,44,0.84182394614161,0.767389805972164
"DefInd_s3_GIS_FE_AR1","DefInd",3,"GIS",3,"FE_AR1","FE_IT",-0.0672683486107729,0.0328774682771141,-2.0460318916222,0.0407532330642622,122,44,0.84182394614161,0.767389805972164
"DefInd_s3_GIS_FE_AR1","DefInd",3,"GIS",3,"FE_AR1","_cons",10.280546716976,0.232378475238033,44.2405291903447,0,122,44,0.84182394614161,0.767389805972164
"DefInd_s1_FRUK_POOLED_AR1","DefInd",3,"FRUK",1,"POOLED_AR1","DefInd",0.0463808450785768,0.0161671209039408,2.86883764611863,0.00411983210826818,88,44,0.588239165064401,0.758130422620808
"DefInd_s1_FRUK_POOLED_AR1","DefInd",3,"FRUK",1,"POOLED_AR1","Exportman_GDP",-0.00884544736073127,0.00755361482751706,-1.17102176411063,0.241590029041292,88,44,0.588239165064401,0.758130422620808
"DefInd_s1_FRUK_POOLED_AR1","DefInd",3,"FRUK",1,"POOLED_AR1","Importman_GDP",0.00877263226405512,0.0092122558057359,0.952278404882434,0.340955806834737,88,44,0.588239165064401,0.758130422620808
"DefInd_s1_FRUK_POOLED_AR1","DefInd",3,"FRUK",1,"POOLED_AR1","MInvGDP",-0.0701741533505163,0.0280401042515996,-2.50263525131199,0.0123272514523911,88,44,0.588239165064401,0.758130422620808
"DefInd_s1_FRUK_POOLED_AR1","DefInd",3,"FRUK",1,"POOLED_AR1","Log_CivGBARD",0.348014023176636,0.0769128589471508,4.52478334495104,6.04574065078261e-06,88,44,0.588239165064401,0.758130422620808
"DefInd_s1_FRUK_POOLED_AR1","DefInd",3,"FRUK",1,"POOLED_AR1","D0910",-0.0234930625208733,0.0422439149914806,-0.556128912900501,0.578122731047381,88,44,0.588239165064401,0.758130422620808
"DefInd_s1_FRUK_POOLED_AR1","DefInd",3,"FRUK",1,"POOLED_AR1","D20",-0.0646065684452023,0.0385591729643281,-1.6755174833488,0.0938327437096743,88,44,0.588239165064401,0.758130422620808
"DefInd_s1_FRUK_POOLED_AR1","DefInd",3,"FRUK",1,"POOLED_AR1","_cons",7.67506596630736,0.749320025209591,10.2427076657408,1.27614030097461e-24,88,44,0.588239165064401,0.758130422620808
"DefInd_s2_FRUK_POOLED_AR1","DefInd",3,"FRUK",2,"POOLED_AR1","DefInd",0.0292163720021321,0.0160258935151743,1.82307288978728,0.0682923519827061,88,44,0.625538387785125,0.774106281669499
"DefInd_s2_FRUK_POOLED_AR1","DefInd",3,"FRUK",2,"POOLED_AR1","Exportman_GDP",-0.00666871909829405,0.00710384682697469,-0.938747591371427,0.347860352527147,88,44,0.625538387785125,0.774106281669499
"DefInd_s2_FRUK_POOLED_AR1","DefInd",3,"FRUK",2,"POOLED_AR1","Importman_GDP",0.00426301646866625,0.00902945912942647,0.472123125821937,0.636838906645893,88,44,0.625538387785125,0.774106281669499
"DefInd_s2_FRUK_POOLED_AR1","DefInd",3,"FRUK",2,"POOLED_AR1","MInvGDP",-0.0662491239003504,0.0274647930141117,-2.41214721211665,0.0158588768177231,88,44,0.625538387785125,0.774106281669499
"DefInd_s2_FRUK_POOLED_AR1","DefInd",3,"FRUK",2,"POOLED_AR1","Log_DefGBARD",-0.157188011766268,0.0353297548516559,-4.44916791600383,8.62036031547918e-06,88,44,0.625538387785125,0.774106281669499
"DefInd_s2_FRUK_POOLED_AR1","DefInd",3,"FRUK",2,"POOLED_AR1","D0910",0.0021785683350261,0.0428899934817533,0.0507943265590125,0.959489411793169,88,44,0.625538387785125,0.774106281669499
"DefInd_s2_FRUK_POOLED_AR1","DefInd",3,"FRUK",2,"POOLED_AR1","D20",-0.0493175126057388,0.0383175833883704,-1.28707262422784,0.198068976204953,88,44,0.625538387785125,0.774106281669499
"DefInd_s2_FRUK_POOLED_AR1","DefInd",3,"FRUK",2,"POOLED_AR1","_cons",12.4332711650844,0.389433202104013,31.9265822685647,1.14218041705177e-223,88,44,0.625538387785125,0.774106281669499
"DefInd_s3_FRUK_POOLED_AR1","DefInd",3,"FRUK",3,"POOLED_AR1","DefInd",0.0282623642344792,0.015922901561882,1.77495063475974,0.0759060385613379,88,44,0.670297508317694,0.76311077168782
"DefInd_s3_FRUK_POOLED_AR1","DefInd",3,"FRUK",3,"POOLED_AR1","Exportman_GDP",-0.00835290910216546,0.00706688764207272,-1.18197847839499,0.237214240479644,88,44,0.670297508317694,0.76311077168782
"DefInd_s3_FRUK_POOLED_AR1","DefInd",3,"FRUK",3,"POOLED_AR1","Importman_GDP",0.00626166075488601,0.00875747575939278,0.715007489249411,0.474604415570134,88,44,0.670297508317694,0.76311077168782
"DefInd_s3_FRUK_POOLED_AR1","DefInd",3,"FRUK",3,"POOLED_AR1","MInvGDP",-0.0651087208360995,0.0263661515849926,-2.46940554165512,0.0135337743692976,88,44,0.670297508317694,0.76311077168782
"DefInd_s3_FRUK_POOLED_AR1","DefInd",3,"FRUK",3,"POOLED_AR1","Log_CivGBARD",0.219114230081117,0.0771188732497246,2.8412530013449,0.00449366467137027,88,44,0.670297508317694,0.76311077168782
"DefInd_s3_FRUK_POOLED_AR1","DefInd",3,"FRUK",3,"POOLED_AR1","Log_DefGBARD",-0.116913711703928,0.0361819626852956,-3.23127058420858,0.00123241212086777,88,44,0.670297508317694,0.76311077168782
"DefInd_s3_FRUK_POOLED_AR1","DefInd",3,"FRUK",3,"POOLED_AR1","D0910",-0.00350635306078526,0.040919017953958,-0.0856900589532868,0.931712804866845,88,44,0.670297508317694,0.76311077168782
"DefInd_s3_FRUK_POOLED_AR1","DefInd",3,"FRUK",3,"POOLED_AR1","D20",-0.057519828176188,0.0367830255374844,-1.56376011314163,0.117873914665598,88,44,0.670297508317694,0.76311077168782
"DefInd_s3_FRUK_POOLED_AR1","DefInd",3,"FRUK",3,"POOLED_AR1","_cons",10.037637661902,0.937153180299346,10.710775861312,9.05993094058796e-27,88,44,0.670297508317694,0.76311077168782
"DefInd_s1_GIS_POOLED_AR1","DefInd",3,"GIS",1,"POOLED_AR1","DefInd",-0.0359425023104335,0.0142022082477737,-2.53076857368767,0.0113812914587885,122,44,0.808788390805792,0.835185831392132
"DefInd_s1_GIS_POOLED_AR1","DefInd",3,"GIS",1,"POOLED_AR1","Exportman_GDP",0.0164136337865616,0.00280116494867508,5.85957417264024,4.64055580208872e-09,122,44,0.808788390805792,0.835185831392132
"DefInd_s1_GIS_POOLED_AR1","DefInd",3,"GIS",1,"POOLED_AR1","Importman_GDP",-0.00849450207844673,0.00284328275581649,-2.98756852833914,0.0028120624368918,122,44,0.808788390805792,0.835185831392132
"DefInd_s1_GIS_POOLED_AR1","DefInd",3,"GIS",1,"POOLED_AR1","MInvGDP",0.0165410147714235,0.0116101657208381,1.42470100506278,0.154243648476332,122,44,0.808788390805792,0.835185831392132
"DefInd_s1_GIS_POOLED_AR1","DefInd",3,"GIS",1,"POOLED_AR1","Log_CivGBARD",0.115444116308278,0.0233434848930253,4.9454533818458,7.5966849270184e-07,122,44,0.808788390805792,0.835185831392132
"DefInd_s1_GIS_POOLED_AR1","DefInd",3,"GIS",1,"POOLED_AR1","D0910",-0.0356864153206895,0.0219889567045564,-1.62292444340003,0.104605557572357,122,44,0.808788390805792,0.835185831392132
"DefInd_s1_GIS_POOLED_AR1","DefInd",3,"GIS",1,"POOLED_AR1","D20",-0.024171504814489,0.0193242068192572,-1.25084072223867,0.210992594391066,122,44,0.808788390805792,0.835185831392132
"DefInd_s1_GIS_POOLED_AR1","DefInd",3,"GIS",1,"POOLED_AR1","_cons",10.0813145555557,0.165709259101607,60.837364249961,0,122,44,0.808788390805792,0.835185831392132
"DefInd_s2_GIS_POOLED_AR1","DefInd",3,"GIS",2,"POOLED_AR1","DefInd",0.00111886540006817,0.013530240015596,0.0826936845745881,0.934095106653691,122,44,0.702844653743219,0.838703088331596
"DefInd_s2_GIS_POOLED_AR1","DefInd",3,"GIS",2,"POOLED_AR1","Exportman_GDP",0.0201552591076204,0.00293989003697866,6.85578673151125,7.09211158864875e-12,122,44,0.702844653743219,0.838703088331596
"DefInd_s2_GIS_POOLED_AR1","DefInd",3,"GIS",2,"POOLED_AR1","Importman_GDP",-0.0108722299870638,0.00320155911626211,-3.39591729911813,0.000683990225137508,122,44,0.702844653743219,0.838703088331596
"DefInd_s2_GIS_POOLED_AR1","DefInd",3,"GIS",2,"POOLED_AR1","MInvGDP",0.0193728093311614,0.0130368073096899,1.48600871907971,0.137276814759941,122,44,0.702844653743219,0.838703088331596
"DefInd_s2_GIS_POOLED_AR1","DefInd",3,"GIS",2,"POOLED_AR1","Log_DefGBARD",0.00610276806123475,0.00683795527805327,0.892484348475028,0.372133378275311,122,44,0.702844653743219,0.838703088331596
"DefInd_s2_GIS_POOLED_AR1","DefInd",3,"GIS",2,"POOLED_AR1","D0910",-0.0218020690346997,0.0242264455373184,-0.899928509987805,0.368158296792956,122,44,0.702844653743219,0.838703088331596
"DefInd_s2_GIS_POOLED_AR1","DefInd",3,"GIS",2,"POOLED_AR1","D20",-0.0145860773744174,0.0216858629354578,-0.672607653097736,0.501196931589096,122,44,0.702844653743219,0.838703088331596
"DefInd_s2_GIS_POOLED_AR1","DefInd",3,"GIS",2,"POOLED_AR1","_cons",10.8142195849062,0.0838837128832772,128.919181247426,0,122,44,0.702844653743219,0.838703088331596
"DefInd_s3_GIS_POOLED_AR1","DefInd",3,"GIS",3,"POOLED_AR1","DefInd",-0.0364353649311478,0.0141257514826748,-2.57935763458927,0.0098984249662543,122,44,0.813967207369102,0.8310866604612
"DefInd_s3_GIS_POOLED_AR1","DefInd",3,"GIS",3,"POOLED_AR1","Exportman_GDP",0.0163409268092434,0.00280318833830745,5.82940738798519,5.56245568862566e-09,122,44,0.813967207369102,0.8310866604612
"DefInd_s3_GIS_POOLED_AR1","DefInd",3,"GIS",3,"POOLED_AR1","Importman_GDP",-0.00855930936731587,0.00281741419172669,-3.03800179343535,0.00238152537272054,122,44,0.813967207369102,0.8310866604612
"DefInd_s3_GIS_POOLED_AR1","DefInd",3,"GIS",3,"POOLED_AR1","MInvGDP",0.016966449764923,0.011547297375967,1.46930049625592,0.141751302286856,122,44,0.813967207369102,0.8310866604612
"DefInd_s3_GIS_POOLED_AR1","DefInd",3,"GIS",3,"POOLED_AR1","Log_CivGBARD",0.119735587940981,0.0244683313367342,4.89349217538274,9.90622546649178e-07,122,44,0.813967207369102,0.8310866604612
"DefInd_s3_GIS_POOLED_AR1","DefInd",3,"GIS",3,"POOLED_AR1","Log_DefGBARD",-0.00353998476190116,0.00651528753139277,-0.543335155178396,0.586899063530764,122,44,0.813967207369102,0.8310866604612
"DefInd_s3_GIS_POOLED_AR1","DefInd",3,"GIS",3,"POOLED_AR1","D0910",-0.0368663975851025,0.0220934418988646,-1.66865795532733,0.0951851860994885,122,44,0.813967207369102,0.8310866604612
"DefInd_s3_GIS_POOLED_AR1","DefInd",3,"GIS",3,"POOLED_AR1","D20",-0.0251738772817695,0.0194630199820293,-1.29342092362918,0.195865517287311,122,44,0.813967207369102,0.8310866604612
"DefInd_s3_GIS_POOLED_AR1","DefInd",3,"GIS",3,"POOLED_AR1","_cons",10.067617465476,0.166027672549939,60.6381894707811,0,122,44,0.813967207369102,0.8310866604612
