variable,FRUK_1,FRUK_2,FRUK_3,GIS_1,GIS_2,GIS_3
Military VA / manufacturing VA,0.0464***,0.0292*,0.0283*,-0.0359**,0.0011,-0.0364***
,(0.0162),(0.0160),(0.0159),(0.0142),(0.0135),(0.0141)
Manufacturing exports / GDP,-0.0088,-0.0067,-0.0084,0.0164***,0.0202***,0.0163***
,(0.0076),(0.0071),(0.0071),(0.0028),(0.0029),(0.0028)
Manufacturing imports / GDP,0.0088,0.0043,0.0063,-0.0085***,-0.0109***,-0.0086***
,(0.0092),(0.0090),(0.0088),(0.0028),(0.0032),(0.0028)
Manufacturing investment / GDP,-0.0702**,-0.0662**,-0.0651**,0.0165,0.0194,0.0170
,(0.0280),(0.0275),(0.0264),(0.0116),(0.0130),(0.0115)
Civilian government R&D (log),0.3480***,,0.2191***,0.1154***,,0.1197***
,(0.0769),,(0.0771),(0.0233),,(0.0245)
Military government R&D (log),,-0.1572***,-0.1169***,,0.0061,-0.0035
,,(0.0353),(0.0362),,(0.0068),(0.0065)
Crisis indicator: 2009-2010,-0.0235,0.0022,-0.0035,-0.0357,-0.0218,-0.0369*
,(0.0422),(0.0429),(0.0409),(0.0220),(0.0242),(0.0221)
Crisis indicator: 2020-2021,-0.0646*,-0.0493,-0.0575,-0.0242,-0.0146,-0.0252
,(0.0386),(0.0383),(0.0368),(0.0193),(0.0217),(0.0195)
Constant,7.6751***,12.4333***,10.0376***,10.0813***,10.8142***,10.0676***
,(0.7493),(0.3894),(0.9372),(0.1657),(0.0839),(0.1660)
Observations,88,88,88,122,122,122
Calendar years,44,44,44,44,44,44
R-squared (original scale),0.588,0.626,0.670,0.809,0.703,0.814
rho (common AR(1)),0.758,0.774,0.763,0.835,0.839,0.831
Country fixed effects,No,No,No,No,No,No
